,index,id,parent_id,level,id.1,created_time,status_type,type,properties.0.text,message,link,permalink_url,comments.summary.total_count,shares.count,reactions.summary.total_count,like.summary.total_count,love.summary.total_count,wow.summary.total_count,haha.summary.total_count,sad.summary.total_count,angry.summary.total_count
0,2,622,2,2,211857482296579_1724945110987801,,,,,,,,7663.0,18709.0,92429.0,82471.0,8426.0,1149.0,326.0,14.0,43.0
1,4,623,3,2,211857482296579_1722770851205227,,,,,,,,2120.0,8068.0,58791.0,53414.0,4050.0,1175.0,104.0,14.0,34.0
2,6,624,4,2,211857482296579_562994224541231,,,,,,,,8231.0,4072.0,47923.0,40766.0,6626.0,122.0,281.0,22.0,106.0
3,8,625,5,2,211857482296579_2645151742265882,,,,,,,,34066.0,14985.0,91223.0,75540.0,13400.0,404.0,533.0,138.0,1208.0
4,10,626,6,2,211857482296579_1718728921609420,,,,,,,,2673.0,5943.0,39735.0,35430.0,3330.0,782.0,43.0,116.0,34.0
5,12,627,7,2,211857482296579_1717749905040655,,,,,,,,7418.0,15804.0,93458.0,78784.0,14026.0,475.0,127.0,25.0,21.0
6,14,628,8,2,211857482296579_1717169675098678,,,,,,,,10086.0,8931.0,100330.0,88969.0,10569.0,450.0,285.0,26.0,31.0
7,16,629,9,2,211857482296579_1714964591985853,,,,,,,,1340.0,4902.0,32263.0,29700.0,2170.0,265.0,102.0,3.0,23.0
8,18,630,10,2,211857482296579_1714784955337150,,,,,,,,4078.0,11238.0,78044.0,73399.0,4054.0,400.0,131.0,10.0,50.0
9,20,631,11,2,211857482296579_1713976298751349,,,,,,,,4589.0,31596.0,91368.0,83175.0,7020.0,327.0,796.0,12.0,38.0
10,22,632,12,2,211857482296579_998152100570522,,,,,,,,10135.0,5393.0,58501.0,50916.0,6919.0,150.0,377.0,38.0,101.0
11,24,633,13,2,211857482296579_2388743134565692,,,,,,,,9032.0,8012.0,54951.0,47898.0,6309.0,157.0,480.0,24.0,83.0
12,26,634,14,2,211857482296579_585678655578709,,,,,,,,7708.0,3603.0,38465.0,32612.0,5220.0,104.0,415.0,21.0,93.0
13,28,635,15,2,211857482296579_2524332351176090,,,,,,,,12632.0,8056.0,49733.0,43261.0,5558.0,160.0,531.0,43.0,180.0
14,30,636,16,2,211857482296579_791108251387168,,,,,,,,3800.0,2614.0,29890.0,26801.0,2814.0,70.0,156.0,12.0,37.0
15,32,637,17,2,211857482296579_785414801935822,,,,,,,,4231.0,4192.0,33875.0,30157.0,3399.0,81.0,180.0,6.0,52.0
16,34,638,18,2,211857482296579_1710378015777844,,,,,,,,10740.0,25851.0,145952.0,129350.0,14481.0,1644.0,412.0,14.0,51.0
17,36,639,19,2,211857482296579_1708628252619487,,,,,,,,3898.0,3705.0,44070.0,36039.0,240.0,593.0,206.0,4274.0,2718.0
18,38,640,20,2,211857482296579_1707373476078298,,,,,,,,3014.0,8357.0,58965.0,54802.0,3615.0,136.0,356.0,17.0,39.0
19,40,641,21,2,211857482296579_457057721660641,,,,,,,,7147.0,2849.0,37047.0,31527.0,5211.0,85.0,165.0,18.0,41.0
20,42,642,22,2,211857482296579_1707191716096474,,,,,,,,1099.0,4192.0,29346.0,26662.0,2414.0,203.0,44.0,4.0,19.0
21,44,643,23,2,211857482296579_2533617796759952,,,,,,,,7500.0,3440.0,42569.0,35731.0,6382.0,116.0,250.0,16.0,74.0
22,46,644,24,2,211857482296579_1705566146259031,,,,,,,,2830.0,3161.0,45576.0,42221.0,3024.0,167.0,112.0,11.0,41.0
23,48,645,25,2,211857482296579_1519594344873131,,,,,,,,3699.0,1496.0,27425.0,23283.0,3881.0,70.0,142.0,12.0,37.0
24,50,646,26,2,211857482296579_1705216432960669,,,,,,,,795.0,1809.0,16244.0,14964.0,1165.0,81.0,27.0,1.0,6.0
25,53,647,28,2,211857482296579_1042565639415917,,,,,,,,3911.0,1576.0,28523.0,24333.0,3937.0,72.0,127.0,11.0,43.0
26,55,648,29,2,211857482296579_581367149319248,,,,,,,,10259.0,7902.0,60137.0,49231.0,10316.0,169.0,321.0,32.0,68.0
27,57,649,30,2,211857482296579_2514293038837412,,,,,,,,14191.0,11478.0,57352.0,49383.0,7321.0,162.0,297.0,45.0,144.0
28,59,650,31,2,211857482296579_1702340489914930,,,,,,,,12690.0,10997.0,44050.0,40005.0,2316.0,136.0,1289.0,59.0,245.0
29,61,651,32,2,211857482296579_1701135873368725,,,,,,,,602.0,1756.0,20295.0,18749.0,1401.0,68.0,52.0,3.0,22.0
30,63,652,33,2,211857482296579_821025451673723,,,,,,,,4119.0,4218.0,44916.0,38240.0,6388.0,182.0,65.0,12.0,29.0
31,65,653,34,2,211857482296579_469698130351456,,,,,,,,2882.0,1108.0,20150.0,17564.0,2473.0,51.0,46.0,4.0,12.0
32,67,654,35,2,211857482296579_1156154527908828,,,,,,,,10496.0,16385.0,61261.0,53598.0,6894.0,248.0,310.0,65.0,146.0
33,69,655,36,2,211857482296579_1825328694268827,,,,,,,,3561.0,1065.0,24377.0,20973.0,3192.0,46.0,134.0,7.0,25.0
34,71,656,37,2,211857482296579_1696043560544623,,,,,,,,2292.0,7483.0,46944.0,41811.0,4776.0,272.0,59.0,4.0,22.0
35,73,657,38,2,211857482296579_510532002872026,,,,,,,,4709.0,1510.0,28865.0,23965.0,4599.0,79.0,158.0,14.0,50.0
36,75,658,39,2,211857482296579_485038742122777,,,,,,,,13030.0,7204.0,72434.0,60796.0,8683.0,160.0,2665.0,25.0,105.0
37,77,659,40,2,211857482296579_1693077447507901,,,,,,,,7622.0,5382.0,141607.0,123842.0,15465.0,389.0,1727.0,29.0,155.0
38,79,660,41,2,211857482296579_1692694834212829,,,,,,,,4207.0,11221.0,66310.0,58745.0,6818.0,497.0,187.0,14.0,49.0
39,81,661,42,2,211857482296579_573168013254506,,,,,,,,2149.0,1355.0,19869.0,16964.0,2738.0,64.0,76.0,7.0,20.0
40,83,662,43,2,211857482296579_1487360124761524,,,,,,,,2939.0,1558.0,24568.0,21570.0,2806.0,94.0,54.0,9.0,35.0
41,85,663,44,2,211857482296579_434647877424705,,,,,,,,17826.0,10227.0,65040.0,53406.0,10486.0,421.0,586.0,32.0,109.0
42,87,664,45,2,211857482296579_841065336312939,,,,,,,,8153.0,2896.0,38985.0,32743.0,5857.0,104.0,178.0,25.0,78.0
43,89,665,46,2,211857482296579_1690324051116574,,,,,,,,2028.0,13759.0,40688.0,37566.0,2736.0,249.0,105.0,9.0,23.0
44,91,666,47,2,211857482296579_1690156194466693,,,,,,,,3484.0,4071.0,59347.0,53498.0,4702.0,325.0,154.0,69.0,599.0
45,93,667,48,2,211857482296579_1689158701233109,,,,,,,,4619.0,5031.0,59449.0,53848.0,4399.0,331.0,756.0,23.0,92.0
46,95,668,49,2,211857482296579_453048925410649,,,,,,,,3902.0,1649.0,29768.0,25622.0,3865.0,71.0,145.0,12.0,53.0
47,97,669,50,2,211857482296579_1688204521328527,,,,,,,,1653.0,2891.0,53324.0,48644.0,4242.0,360.0,54.0,3.0,21.0
48,99,670,51,2,211857482296579_1383069365196201,,,,,,,,5418.0,2002.0,33547.0,28452.0,4726.0,86.0,228.0,10.0,45.0
49,101,671,52,2,211857482296579_1687353601413619,,,,,,,,1215.0,2591.0,21595.0,19671.0,1730.0,128.0,43.0,2.0,21.0
50,104,672,54,2,211857482296579_1686369041512075,,,,,,,,4891.0,12322.0,88166.0,77919.0,8945.0,1005.0,219.0,19.0,59.0
51,106,673,55,2,211857482296579_1686276164854696,,,,,,,,2521.0,4964.0,47502.0,43426.0,3715.0,225.0,90.0,8.0,38.0
52,108,674,56,2,211857482296579_585351135571993,,,,,,,,4371.0,1681.0,26869.0,22567.0,4035.0,73.0,134.0,12.0,48.0
53,110,675,57,2,211857482296579_2822844341096769,,,,,,,,4549.0,3311.0,30727.0,26231.0,4222.0,159.0,62.0,12.0,41.0
54,112,676,58,2,211857482296579_576024849876695,,,,,,,,2454.0,1360.0,18778.0,16161.0,2417.0,117.0,40.0,10.0,33.0
55,114,677,59,2,211857482296579_430944504246734,,,,,,,,2013.0,1707.0,20017.0,17730.0,2097.0,103.0,54.0,7.0,26.0
56,116,678,60,2,211857482296579_2468922780045738,,,,,,,,1444.0,1172.0,18775.0,16623.0,2009.0,75.0,45.0,6.0,17.0
57,118,679,61,2,211857482296579_1388034271365593,,,,,,,,1943.0,881.0,15406.0,13201.0,2071.0,69.0,40.0,4.0,21.0
58,120,680,62,2,211857482296579_536619153585541,,,,,,,,2123.0,1063.0,16379.0,14037.0,2198.0,88.0,31.0,3.0,22.0
59,122,681,63,2,211857482296579_566557157247146,,,,,,,,1881.0,1001.0,16677.0,14183.0,2296.0,138.0,35.0,6.0,19.0
60,124,682,64,2,211857482296579_816755272077748,,,,,,,,3775.0,1673.0,23777.0,19864.0,3675.0,132.0,58.0,18.0,30.0
61,126,683,65,2,211857482296579_1310831812435944,,,,,,,,22621.0,22106.0,140831.0,118652.0,20518.0,615.0,706.0,102.0,238.0
62,128,684,66,2,211857482296579_1685067231642256,,,,,,,,2702.0,3437.0,35535.0,30592.0,3402.0,105.0,1399.0,10.0,27.0
63,130,685,67,2,211857482296579_1335199196662924,,,,,,,,9820.0,5768.0,51479.0,42445.0,8436.0,143.0,341.0,33.0,81.0
64,132,686,68,2,211857482296579_533820083864876,,,,,,,,18867.0,8859.0,59893.0,49793.0,9270.0,182.0,423.0,44.0,181.0
65,134,687,69,2,211857482296579_456262038359654,,,,,,,,4522.0,1585.0,28732.0,24621.0,3859.0,69.0,128.0,8.0,47.0
66,136,688,70,2,211857482296579_1681913111957668,,,,,,,,6374.0,13397.0,79926.0,67851.0,10920.0,331.0,707.0,37.0,80.0
67,138,689,71,2,211857482296579_1677056985776614,,,,,,,,9270.0,8959.0,370078.0,281766.0,10639.0,224.0,106.0,77265.0,78.0
68,140,690,72,2,211857482296579_1676038732545106,,,,,,,,6357.0,10254.0,115442.0,107258.0,6482.0,234.0,1349.0,33.0,86.0
69,142,691,73,2,211857482296579_479633192646205,,,,,,,,16110.0,8113.0,59543.0,51447.0,7574.0,149.0,215.0,37.0,121.0
70,144,692,74,2,211857482296579_439905066551898,,,,,,,,6798.0,3943.0,44248.0,37971.0,5883.0,125.0,212.0,15.0,42.0
71,146,693,75,2,211857482296579_1671995952949384,,,,,,,,2798.0,3860.0,57681.0,53457.0,3737.0,373.0,49.0,17.0,48.0
72,148,694,76,2,211857482296579_1670472449768401,,,,,,,,5559.0,14784.0,95608.0,84234.0,10446.0,698.0,198.0,8.0,24.0
73,150,695,77,2,211857482296579_1670253453123634,,,,,,,,8807.0,102234.0,225005.0,201556.0,21511.0,1270.0,562.0,17.0,89.0
74,152,696,78,2,211857482296579_1669649233184056,,,,,,,,4707.0,5089.0,139647.0,126895.0,11003.0,312.0,1312.0,36.0,89.0
75,155,697,80,2,211857482296579_1669418419873804,,,,,,,,3209.0,9560.0,70745.0,62837.0,7202.0,555.0,128.0,1.0,22.0
76,157,698,81,2,211857482296579_1669381626544150,,,,,,,,3402.0,11919.0,76006.0,70173.0,4697.0,247.0,661.0,18.0,210.0
77,159,699,82,2,211857482296579_2509008062669015,,,,,,,,10267.0,9765.0,73212.0,61121.0,11279.0,319.0,389.0,17.0,87.0
78,161,700,83,2,211857482296579_1667910003357979,,,,,,,,1671.0,1867.0,31703.0,28163.0,2580.0,90.0,844.0,1.0,25.0
79,163,701,84,2,211857482296579_1667584146723898,,,,,,,,5503.0,4760.0,54705.0,50661.0,3465.0,175.0,338.0,10.0,56.0
80,165,702,85,2,211857482296579_547702162660125,,,,,,,,33803.0,25456.0,134420.0,112555.0,20258.0,379.0,782.0,115.0,331.0
81,167,703,86,2,211857482296579_1666720890143557,,,,,,,,7945.0,16024.0,194143.0,176893.0,15779.0,1151.0,261.0,11.0,48.0
82,169,704,87,2,211857482296579_879286055802087,,,,,,,,17045.0,21378.0,137963.0,113300.0,22906.0,463.0,1145.0,43.0,106.0
83,171,705,88,2,211857482296579_1665766790238967,,,,,,,,16226.0,25033.0,204105.0,162839.0,35445.0,1023.0,4701.0,29.0,68.0
84,173,706,89,2,211857482296579_2686797954710495,,,,,,,,16195.0,8261.0,79839.0,65718.0,13365.0,263.0,410.0,19.0,64.0
85,175,707,90,2,211857482296579_2239545052817456,,,,,,,,2763.0,2001.0,33802.0,28341.0,5132.0,126.0,169.0,5.0,29.0
86,177,708,91,2,211857482296579_1663830393765940,,,,,,,,51856.0,34662.0,434084.0,382724.0,45221.0,3998.0,1834.0,94.0,213.0
87,179,709,92,2,211857482296579_1662477187234594,,,,,,,,3832.0,24106.0,73397.0,65639.0,6926.0,693.0,108.0,9.0,22.0
88,181,710,93,2,211857482296579_1662547707227542,,,,,,,,11954.0,30990.0,142368.0,120945.0,17281.0,3322.0,344.0,140.0,336.0
89,183,711,94,2,211857482296579_1662328417249471,,,,,,,,5369.0,10269.0,125143.0,114630.0,8869.0,970.0,464.0,146.0,64.0
90,185,712,95,2,211857482296579_1662294510586195,,,,,,,,3036.0,14039.0,62024.0,56792.0,4717.0,443.0,51.0,4.0,17.0
91,187,713,96,2,211857482296579_1661729123976067,,,,,,,,9658.0,24465.0,198003.0,181340.0,15067.0,505.0,996.0,47.0,48.0
92,189,714,97,2,211857482296579_1661057797376533,,,,,,,,4240.0,7897.0,83107.0,75306.0,6764.0,644.0,327.0,22.0,44.0
93,191,715,98,2,211857482296579_1660606094088370,,,,,,,,4148.0,19403.0,79469.0,71507.0,7274.0,422.0,226.0,13.0,27.0
94,193,716,99,2,211857482296579_1659703837511929,,,,,,,,2136.0,8891.0,41949.0,38739.0,2926.0,228.0,43.0,2.0,11.0
95,195,717,100,2,211857482296579_405852793690065,,,,,,,,21298.0,8675.0,112554.0,88545.0,22681.0,287.0,830.0,59.0,152.0
96,197,718,101,2,211857482296579_1658886827593630,,,,,,,,14255.0,27215.0,166552.0,141243.0,22629.0,462.0,1975.0,90.0,153.0
97,199,719,102,2,211857482296579_1658195387662774,,,,,,,,22344.0,12179.0,87379.0,47337.0,721.0,1513.0,16904.0,765.0,20139.0
98,201,720,103,2,211857482296579_1658051317677181,,,,,,,,14293.0,21539.0,151628.0,131172.0,17895.0,375.0,1131.0,694.0,361.0
99,203,721,104,2,211857482296579_1657942287688084,,,,,,,,6524.0,10563.0,100886.0,92236.0,7608.0,736.0,159.0,41.0,106.0
100,206,722,106,2,211857482296579_1226416837541763,,,,,,,,31352.0,12093.0,101079.0,84707.0,14974.0,284.0,764.0,94.0,256.0
101,208,723,107,2,211857482296579_671707273236192,,,,,,,,10588.0,3259.0,45269.0,37275.0,7469.0,110.0,347.0,16.0,52.0
102,210,724,108,2,211857482296579_1655342764614703,,,,,,,,3325.0,9672.0,80960.0,73701.0,6741.0,440.0,59.0,4.0,15.0
103,212,725,109,2,211857482296579_1654863141329332,,,,,,,,4715.0,11699.0,84836.0,77264.0,6737.0,693.0,126.0,3.0,13.0
104,214,726,110,2,211857482296579_1654170471398599,,,,,,,,6654.0,33828.0,79157.0,68572.0,9606.0,647.0,218.0,14.0,100.0
105,216,727,111,2,211857482296579_1653364371479209,,,,,,,,16145.0,12530.0,99106.0,69713.0,619.0,561.0,20555.0,337.0,7321.0
106,218,728,112,2,211857482296579_1651092905039689,,,,,,,,6198.0,15093.0,101744.0,93399.0,7335.0,727.0,186.0,27.0,70.0
107,220,729,113,2,211857482296579_540649220065233,,,,,,,,28253.0,17184.0,115268.0,95955.0,17554.0,367.0,1183.0,46.0,163.0
108,222,730,114,2,211857482296579_2797199277007941,,,,,,,,16101.0,4673.0,63092.0,50763.0,11648.0,176.0,402.0,25.0,78.0
109,224,731,115,2,211857482296579_1648223218659991,,,,,,,,16122.0,82709.0,251491.0,214317.0,29798.0,1724.0,5546.0,29.0,77.0
110,226,732,116,2,211857482296579_1648022965346683,,,,,,,,2967.0,5560.0,68502.0,63254.0,4750.0,406.0,76.0,4.0,12.0
111,228,733,117,2,211857482296579_551095902382043,,,,,,,,23504.0,14005.0,109118.0,90124.0,17945.0,380.0,515.0,35.0,119.0
112,230,734,118,2,211857482296579_1003310390021123,,,,,,,,20007.0,6135.0,75262.0,59737.0,14802.0,200.0,383.0,29.0,111.0
113,232,735,119,2,211857482296579_568946510544840,,,,,,,,64281.0,25360.0,133491.0,107541.0,23841.0,422.0,1121.0,141.0,425.0
114,234,736,120,2,211857482296579_1646787988803514,,,,,,,,3942.0,17582.0,56116.0,50512.0,4890.0,640.0,64.0,2.0,8.0
115,236,737,121,2,211857482296579_484583002267808,,,,,,,,33601.0,11491.0,110919.0,85584.0,24037.0,358.0,737.0,47.0,156.0
116,238,738,122,2,211857482296579_1645058082309838,,,,,,,,16557.0,25666.0,218860.0,193975.0,22907.0,1178.0,751.0,14.0,35.0
117,240,739,123,2,211857482296579_1643609219121391,,,,,,,,6298.0,5315.0,66055.0,59803.0,5599.0,496.0,128.0,10.0,19.0
118,242,740,124,2,211857482296579_558804064888548,,,,,,,,208949.0,135673.0,319781.0,239563.0,57799.0,2026.0,15988.0,1814.0,2591.0
119,244,741,125,2,211857482296579_1642282772587369,,,,,,,,2096.0,4962.0,53995.0,50038.0,3511.0,325.0,102.0,2.0,17.0
120,246,742,126,2,211857482296579_1641450462670600,,,,,,,,1693.0,6764.0,46117.0,42686.0,3042.0,332.0,51.0,0.0,6.0
121,248,743,127,2,211857482296579_1640694956079484,,,,,,,,5965.0,17160.0,154888.0,141689.0,11786.0,1212.0,166.0,7.0,28.0
122,250,744,128,2,211857482296579_1640614872754159,,,,,,,,912.0,3657.0,25881.0,24154.0,1522.0,179.0,21.0,1.0,4.0
123,252,745,129,2,211857482296579_1640225626126417,,,,,,,,4364.0,19348.0,120685.0,106346.0,5731.0,297.0,8154.0,44.0,113.0
124,254,746,130,2,211857482296579_1638292332986413,,,,,,,,1150.0,6291.0,38054.0,35193.0,2551.0,265.0,31.0,4.0,10.0
125,257,747,132,2,211857482296579_1637982586350721,,,,,,,,4910.0,23716.0,64192.0,55488.0,547.0,696.0,853.0,1390.0,5218.0
126,259,748,133,2,211857482296579_1636286556520324,,,,,,,,4214.0,8226.0,79818.0,73516.0,5306.0,865.0,85.0,25.0,21.0
127,261,749,134,2,211857482296579_1635678946581085,,,,,,,,2485.0,8612.0,44568.0,40905.0,3280.0,308.0,55.0,6.0,14.0
128,263,750,135,2,211857482296579_1635440629938250,,,,,,,,11423.0,28778.0,167566.0,148267.0,17261.0,1570.0,357.0,22.0,89.0
129,265,751,136,2,211857482296579_1634149506734029,,,,,,,,17233.0,17239.0,221351.0,99358.0,6404.0,489.0,114908.0,68.0,124.0
130,267,752,137,2,211857482296579_1633609203454726,,,,,,,,4060.0,9007.0,67644.0,61202.0,4752.0,315.0,1192.0,32.0,151.0
131,269,753,138,2,211857482296579_1633296856819294,,,,,,,,15856.0,16164.0,218679.0,192516.0,22849.0,795.0,1440.0,404.0,675.0
132,271,754,139,2,211857482296579_1632526993562947,,,,,,,,3801.0,5232.0,78278.0,73075.0,4571.0,481.0,114.0,6.0,31.0
133,273,755,140,2,211857482296579_1632134316935548,,,,,,,,9498.0,10973.0,171476.0,154465.0,13507.0,949.0,2471.0,21.0,63.0
134,275,756,141,2,211857482296579_1631984786950501,,,,,,,,4227.0,12852.0,84402.0,75670.0,7379.0,293.0,1030.0,6.0,24.0
135,277,757,142,2,211857482296579_1631799360302377,,,,,,,,4635.0,12672.0,95070.0,88346.0,5630.0,918.0,121.0,18.0,37.0
136,279,758,143,2,211857482296579_1628845390597774,,,,,,,,1959.0,6100.0,35196.0,32674.0,2239.0,198.0,67.0,6.0,12.0
137,281,759,144,2,211857482296579_1628353690646944,,,,,,,,6245.0,16450.0,160224.0,149150.0,9835.0,1032.0,184.0,8.0,15.0
138,283,760,145,2,211857482296579_1627727277376252,,,,,,,,1505.0,7851.0,39468.0,36775.0,2421.0,205.0,56.0,4.0,7.0
139,285,761,146,2,211857482296579_443291459626608,,,,,,,,14804.0,15739.0,74950.0,65319.0,8910.0,229.0,241.0,117.0,134.0
140,287,762,147,2,211857482296579_1627022810780032,,,,,,,,10190.0,72167.0,138943.0,120672.0,6172.0,1122.0,9231.0,252.0,1494.0
141,289,763,148,2,211857482296579_800217607062140,,,,,,,,32588.0,20410.0,118303.0,99774.0,16356.0,343.0,1379.0,92.0,359.0
142,291,764,149,2,211857482296579_1625166914298955,,,,,,,,11750.0,13711.0,190006.0,166553.0,15396.0,587.0,6964.0,70.0,436.0
143,293,765,150,2,211857482296579_1624973027651677,,,,,,,,7308.0,29405.0,93223.0,82267.0,10013.0,751.0,123.0,25.0,44.0
144,295,766,151,2,211857482296579_1624818044333842,,,,,,,,1433.0,6019.0,28247.0,26417.0,1614.0,186.0,21.0,0.0,9.0
145,297,767,152,2,211857482296579_561739911231674,,,,,,,,8194.0,2963.0,29425.0,25137.0,4045.0,118.0,66.0,12.0,47.0
146,299,768,153,2,211857482296579_1624395264376120,,,,,,,,2244.0,4672.0,54147.0,50640.0,3105.0,310.0,77.0,3.0,12.0
147,301,769,154,2,211857482296579_416247495703089,,,,,,,,26789.0,14940.0,76178.0,63991.0,11419.0,250.0,333.0,51.0,134.0
148,303,770,155,2,211857482296579_1623601827788797,,,,,,,,3872.0,17458.0,62494.0,57462.0,4384.0,392.0,95.0,32.0,129.0
149,305,771,156,2,211857482296579_1622312444584402,,,,,,,,3194.0,5462.0,57452.0,53029.0,3886.0,393.0,118.0,7.0,19.0
150,308,772,158,2,211857482296579_2275970506048844,,,,,,,,10260.0,5415.0,53106.0,43977.0,8487.0,148.0,418.0,18.0,58.0
151,310,773,159,2,211857482296579_1620938328055147,,,,,,,,15947.0,86457.0,230434.0,207153.0,17775.0,4904.0,481.0,42.0,79.0
152,312,774,160,2,211857482296579_1620585258090454,,,,,,,,27670.0,82498.0,217415.0,173057.0,42423.0,1540.0,240.0,124.0,31.0
153,314,775,161,2,211857482296579_1619965518152428,,,,,,,,11807.0,44306.0,230337.0,200312.0,27850.0,1461.0,330.0,286.0,98.0
154,316,776,162,2,211857482296579_1619847324830914,,,,,,,,14449.0,60928.0,216535.0,190406.0,23685.0,1485.0,579.0,81.0,299.0
155,318,777,163,2,211857482296579_1619121578236822,,,,,,,,4650.0,40185.0,81659.0,75483.0,2835.0,1272.0,306.0,1064.0,699.0
156,320,778,164,2,211857482296579_1618700834945563,,,,,,,,4034.0,5019.0,48087.0,42823.0,4772.0,369.0,105.0,2.0,16.0
157,322,779,165,2,211857482296579_1618556824959964,,,,,,,,1304.0,6103.0,28360.0,25997.0,2159.0,163.0,30.0,2.0,9.0
158,324,780,166,2,211857482296579_1617476671734646,,,,,,,,3060.0,13422.0,69038.0,61936.0,5501.0,244.0,1348.0,1.0,8.0
159,326,781,167,2,211857482296579_396196017719671,,,,,,,,26492.0,9761.0,60730.0,49478.0,10228.0,174.0,641.0,38.0,171.0
160,328,782,168,2,211857482296579_1616849485130698,,,,,,,,4233.0,8956.0,84213.0,78809.0,4557.0,611.0,207.0,11.0,18.0
161,330,783,169,2,211857482296579_1616737121808601,,,,,,,,4923.0,10147.0,82278.0,76072.0,5307.0,691.0,157.0,37.0,14.0
162,332,784,170,2,211857482296579_1616690295146617,,,,,,,,1697.0,5634.0,40651.0,37418.0,2301.0,178.0,742.0,6.0,6.0
163,334,785,171,2,211857482296579_1616451495170497,,,,,,,,14644.0,12017.0,160408.0,140651.0,17522.0,389.0,1730.0,28.0,88.0
164,336,786,172,2,211857482296579_1615691475246499,,,,,,,,1201.0,2396.0,28844.0,27170.0,1519.0,135.0,17.0,0.0,3.0
165,338,787,173,2,211857482296579_1614928798656100,,,,,,,,1894.0,10372.0,27179.0,24405.0,898.0,97.0,16.0,1677.0,86.0
166,340,788,174,2,211857482296579_1614705632011750,,,,,,,,956.0,2075.0,25211.0,23832.0,1000.0,333.0,21.0,11.0,14.0
167,342,789,175,2,211857482296579_1614077208741259,,,,,,,,3272.0,8399.0,52875.0,48936.0,3468.0,331.0,118.0,3.0,19.0
168,344,790,176,2,211857482296579_1613905758758404,,,,,,,,3741.0,3764.0,58002.0,54007.0,3667.0,215.0,98.0,3.0,12.0
169,346,791,177,2,211857482296579_1613060622176251,,,,,,,,852.0,2832.0,19188.0,17695.0,1346.0,109.0,26.0,0.0,12.0
170,348,792,178,2,211857482296579_1612571762225137,,,,,,,,2746.0,5555.0,63194.0,59209.0,3353.0,145.0,448.0,9.0,30.0
171,350,793,179,2,211857482296579_1612502855565361,,,,,,,,3166.0,9556.0,51235.0,46840.0,3939.0,342.0,102.0,3.0,9.0
172,352,794,180,2,211857482296579_1612346765580970,,,,,,,,5901.0,6358.0,58497.0,52494.0,2288.0,206.0,2992.0,95.0,422.0
173,354,795,181,2,211857482296579_1611756278973352,,,,,,,,4439.0,12214.0,85493.0,77265.0,5935.0,2006.0,233.0,20.0,34.0
174,356,796,182,2,211857482296579_1610869692395344,,,,,,,,1818.0,9850.0,39612.0,36346.0,2913.0,195.0,132.0,8.0,18.0
175,359,797,184,2,211857482296579_531572270978902,,,,,,,,27989.0,9472.0,54845.0,45833.0,8267.0,166.0,335.0,65.0,179.0
176,361,798,185,2,211857482296579_1609580612524252,,,,,,,,2673.0,7645.0,59545.0,54789.0,4220.0,473.0,54.0,1.0,8.0
177,363,799,186,2,211857482296579_1609107972571516,,,,,,,,6919.0,10470.0,87039.0,82673.0,2399.0,351.0,840.0,506.0,270.0
178,365,800,187,2,211857482296579_1608606472621666,,,,,,,,7262.0,13867.0,131028.0,118597.0,10033.0,652.0,1675.0,11.0,60.0
179,367,801,188,2,211857482296579_1608503912631922,,,,,,,,2028.0,3127.0,42401.0,39610.0,2351.0,314.0,103.0,5.0,18.0
180,369,802,189,2,211857482296579_1296930870476558,,,,,,,,11088.0,3591.0,48040.0,40224.0,7355.0,118.0,259.0,14.0,70.0
181,371,803,190,2,211857482296579_1608108739338106,,,,,,,,6018.0,11125.0,90817.0,83693.0,6431.0,276.0,389.0,6.0,22.0
182,373,804,191,2,211857482296579_1606316696183977,,,,,,,,7866.0,13509.0,56766.0,46020.0,6484.0,171.0,4023.0,12.0,56.0
183,375,805,192,2,211857482296579_2540818359475134,,,,,,,,10658.0,4579.0,48992.0,40807.0,7632.0,116.0,348.0,17.0,72.0
184,377,806,193,2,211857482296579_1605380412944272,,,,,,,,4498.0,9367.0,50926.0,46214.0,4139.0,386.0,148.0,14.0,25.0
185,379,807,194,2,211857482296579_1604780736337573,,,,,,,,1145.0,3552.0,23838.0,22240.0,1414.0,158.0,16.0,1.0,9.0
186,381,808,195,2,211857482296579_1604429486372698,,,,,,,,3394.0,8896.0,57548.0,50753.0,6169.0,330.0,208.0,16.0,72.0
187,383,809,196,2,211857482296579_1604134116402235,,,,,,,,2391.0,3860.0,25389.0,23815.0,747.0,140.0,423.0,75.0,189.0
188,385,810,197,2,211857482296579_457770558174368,,,,,,,,16733.0,9147.0,73130.0,61560.0,10730.0,266.0,453.0,29.0,92.0
189,387,811,198,2,211857482296579_456121768331329,,,,,,,,12205.0,5015.0,49963.0,40971.0,8138.0,148.0,552.0,49.0,105.0
190,389,812,199,2,211857482296579_1602474596568187,,,,,,,,5433.0,8730.0,82856.0,74439.0,5377.0,232.0,2646.0,31.0,131.0
191,391,813,200,2,211857482296579_1602440679904912,,,,,,,,10111.0,63031.0,96701.0,86311.0,8446.0,714.0,1028.0,30.0,172.0
192,393,814,201,2,211857482296579_527026854767047,,,,,,,,31667.0,11262.0,62700.0,50894.0,10876.0,217.0,426.0,65.0,222.0
193,395,815,202,2,211857482296579_1602205493261764,,,,,,,,1557.0,2259.0,35857.0,33578.0,1975.0,226.0,60.0,2.0,16.0
194,397,816,203,2,211857482296579_1601337166681930,,,,,,,,5913.0,15758.0,80833.0,71419.0,8336.0,534.0,417.0,21.0,106.0
195,399,817,204,2,211857482296579_1600649876750659,,,,,,,,11306.0,25716.0,189600.0,168836.0,16953.0,3584.0,207.0,5.0,15.0
196,401,818,205,2,211857482296579_1599698270179153,,,,,,,,37063.0,18093.0,244257.0,208091.0,33386.0,899.0,1723.0,36.0,122.0
197,403,819,206,2,211857482296579_1599424703539843,,,,,,,,1576.0,8414.0,42016.0,38773.0,2846.0,313.0,72.0,2.0,10.0
198,405,820,207,2,211857482296579_1599020516913595,,,,,,,,10072.0,16457.0,111900.0,98614.0,12097.0,846.0,273.0,19.0,51.0
199,407,821,208,2,211857482296579_1598118387003808,,,,,,,,1514.0,9115.0,39179.0,36124.0,2762.0,234.0,46.0,2.0,11.0
200,410,822,210,2,211857482296579_1598000630348917,,,,,,,,1924.0,8532.0,40482.0,37187.0,2947.0,248.0,68.0,7.0,25.0
201,412,823,211,2,211857482296579_1597683897047257,,,,,,,,8872.0,24284.0,102540.0,90938.0,10334.0,1015.0,218.0,7.0,28.0
202,414,824,212,2,211857482296579_2453557561598228,,,,,,,,7211.0,3755.0,38790.0,31851.0,6591.0,126.0,170.0,16.0,36.0
203,416,825,213,2,211857482296579_583163218885877,,,,,,,,11848.0,6868.0,54466.0,44569.0,9345.0,167.0,314.0,12.0,59.0
204,418,826,214,2,211857482296579_3713583421988904,,,,,,,,29800.0,11820.0,61832.0,50673.0,10374.0,201.0,358.0,52.0,174.0
205,420,827,215,2,211857482296579_1594436100705370,,,,,,,,2422.0,3490.0,46730.0,43220.0,3057.0,378.0,58.0,1.0,16.0
206,422,828,216,2,211857482296579_1593454770803503,,,,,,,,5582.0,8042.0,92316.0,83471.0,8221.0,497.0,90.0,13.0,24.0
207,424,829,217,2,211857482296579_1592009767614670,,,,,,,,2058.0,3957.0,47267.0,43069.0,3173.0,905.0,83.0,19.0,18.0
208,426,830,218,2,211857482296579_1590913541057626,,,,,,,,18149.0,11566.0,288548.0,259101.0,27641.0,1164.0,487.0,52.0,103.0
209,428,831,219,2,211857482296579_1590597247755922,,,,,,,,9552.0,6094.0,97975.0,81367.0,15653.0,230.0,454.0,254.0,17.0
210,430,832,220,2,211857482296579_1589623307853316,,,,,,,,4042.0,21817.0,66507.0,60936.0,4882.0,565.0,94.0,11.0,19.0
211,432,833,221,2,211857482296579_1588968154585498,,,,,,,,15749.0,7172.0,89116.0,77926.0,10409.0,501.0,110.0,140.0,30.0
212,434,834,222,2,211857482296579_1588004578015189,,,,,,,,11266.0,39158.0,121871.0,110595.0,5616.0,1508.0,475.0,3513.0,164.0
213,436,835,223,2,211857482296579_2416956185297692,,,,,,,,40595.0,19811.0,138481.0,110500.0,25893.0,1192.0,400.0,296.0,200.0
214,438,836,224,2,211857482296579_1584290405053273,,,,,,,,3472.0,7932.0,83737.0,77526.0,5331.0,737.0,76.0,21.0,46.0
215,440,837,225,2,211857482296579_1582172855265028,,,,,,,,7882.0,19228.0,112711.0,94097.0,17802.0,545.0,230.0,17.0,20.0
216,442,838,226,2,211857482296579_934435523586436,,,,,,,,9817.0,4571.0,45564.0,36460.0,8626.0,167.0,224.0,12.0,75.0
217,444,839,227,2,211857482296579_741350586330372,,,,,,,,10617.0,5108.0,52797.0,41950.0,10363.0,151.0,234.0,16.0,83.0
218,446,840,228,2,211857482296579_1581372618678385,,,,,,,,6377.0,20883.0,81907.0,70206.0,10916.0,421.0,237.0,13.0,114.0
219,448,841,229,2,211857482296579_417262942481152,,,,,,,,14889.0,5270.0,42923.0,34333.0,8029.0,134.0,281.0,19.0,127.0
220,450,842,230,2,211857482296579_668126383675120,,,,,,,,11089.0,4552.0,48696.0,39741.0,8107.0,213.0,222.0,33.0,380.0
221,452,843,231,2,211857482296579_521448705330890,,,,,,,,35753.0,9256.0,51674.0,40979.0,7750.0,246.0,275.0,259.0,2165.0
222,454,844,232,2,211857482296579_2342191469363956,,,,,,,,10656.0,5496.0,38467.0,31075.0,6191.0,167.0,178.0,70.0,786.0
223,456,845,233,2,211857482296579_1578873798928267,,,,,,,,3907.0,21095.0,57447.0,52654.0,4217.0,280.0,151.0,8.0,137.0
224,458,846,234,2,211857482296579_1578809968934650,,,,,,,,1152.0,998.0,9558.0,8615.0,807.0,76.0,14.0,7.0,39.0
225,461,847,236,2,211857482296579_1578425192306461,,,,,,,,3488.0,5755.0,58033.0,53436.0,4074.0,441.0,49.0,4.0,29.0
226,463,848,237,2,211857482296579_1577514819064165,,,,,,,,1872.0,4024.0,42883.0,39275.0,3253.0,304.0,39.0,3.0,9.0
227,465,849,238,2,211857482296579_1577122802436700,,,,,,,,4626.0,15093.0,65240.0,59105.0,4367.0,346.0,1237.0,22.0,163.0
228,467,850,239,2,211857482296579_1576717389143908,,,,,,,,1631.0,1874.0,25475.0,22886.0,1624.0,63.0,875.0,6.0,21.0
229,469,851,240,2,211857482296579_2212928895500719,,,,,,,,11985.0,4311.0,46451.0,38063.0,7810.0,129.0,354.0,22.0,73.0
230,471,852,241,2,211857482296579_1575506929264954,,,,,,,,1389.0,3790.0,30394.0,27910.0,2102.0,316.0,45.0,4.0,17.0
231,473,853,242,2,211857482296579_1575583085924005,,,,,,,,7355.0,17536.0,86189.0,73955.0,6034.0,160.0,5926.0,19.0,95.0
232,475,854,243,2,211857482296579_1575452365937077,,,,,,,,8078.0,23856.0,139471.0,125247.0,9156.0,348.0,4608.0,26.0,86.0
233,477,855,244,2,211857482296579_1575073619308285,,,,,,,,7824.0,13800.0,125115.0,116593.0,6987.0,971.0,306.0,173.0,85.0
234,479,856,245,2,211857482296579_1575003332648647,,,,,,,,1893.0,3810.0,30393.0,27787.0,2373.0,175.0,46.0,1.0,11.0
235,481,857,246,2,211857482296579_1573862296096084,,,,,,,,2133.0,2036.0,38165.0,35441.0,2445.0,182.0,78.0,6.0,13.0
236,483,858,247,2,211857482296579_1573471702801810,,,,,,,,5022.0,10529.0,59631.0,54996.0,2173.0,1621.0,341.0,131.0,369.0
237,485,859,248,2,211857482296579_1573442746138039,,,,,,,,3310.0,12075.0,79363.0,74030.0,4698.0,287.0,250.0,11.0,87.0
238,487,860,249,2,211857482296579_1572794916202822,,,,,,,,4977.0,11736.0,105577.0,97016.0,7441.0,949.0,137.0,8.0,26.0
239,489,861,250,2,211857482296579_1572191186263195,,,,,,,,6774.0,15689.0,133347.0,124562.0,7669.0,716.0,350.0,8.0,42.0
240,491,862,251,2,211857482296579_393219908004304,,,,,,,,14194.0,6990.0,64582.0,54474.0,9015.0,171.0,770.0,32.0,120.0
241,493,863,252,2,211857482296579_1571466879668959,,,,,,,,16628.0,51244.0,251998.0,227646.0,21742.0,1046.0,1174.0,78.0,312.0
242,495,864,253,2,211857482296579_481394389360908,,,,,,,,40803.0,17129.0,83159.0,67836.0,13674.0,260.0,962.0,89.0,338.0
243,497,865,254,2,211857482296579_404697960177496,,,,,,,,11030.0,7524.0,53145.0,41489.0,11135.0,183.0,275.0,17.0,46.0
244,499,866,255,2,211857482296579_1570671209748526,,,,,,,,8270.0,16000.0,140671.0,128272.0,11067.0,789.0,501.0,9.0,33.0
245,501,867,256,2,211857482296579_1569856789829968,,,,,,,,9343.0,22095.0,159033.0,139099.0,12062.0,430.0,7276.0,64.0,102.0
246,503,868,257,2,211857482296579_1569817833167197,,,,,,,,10390.0,9104.0,169859.0,154330.0,13574.0,1456.0,408.0,20.0,71.0
247,505,869,258,2,211857482296579_1569517583197222,,,,,,,,1053.0,2334.0,20613.0,19198.0,1198.0,181.0,24.0,2.0,10.0
248,507,870,259,2,211857482296579_384674802241233,,,,,,,,12934.0,6943.0,47341.0,39847.0,7045.0,126.0,213.0,31.0,79.0
249,509,871,260,2,211857482296579_925151417855097,,,,,,,,8068.0,2934.0,39810.0,34264.0,5118.0,297.0,77.0,9.0,45.0
250,512,872,262,2,211857482296579_1568625749953072,,,,,,,,19457.0,90180.0,196355.0,170930.0,22197.0,2089.0,985.0,32.0,122.0
251,514,873,263,2,211857482296579_1568147210000926,,,,,,,,1447.0,4104.0,21407.0,19595.0,1508.0,199.0,40.0,9.0,56.0
252,516,874,264,2,211857482296579_1568024260013221,,,,,,,,2926.0,4749.0,48753.0,44882.0,3310.0,351.0,127.0,5.0,78.0
253,518,875,265,2,211857482296579_1567627843386196,,,,,,,,13475.0,8765.0,70361.0,59691.0,4957.0,754.0,4007.0,47.0,905.0
254,520,876,266,2,211857482296579_1567495536732760,,,,,,,,1782.0,2217.0,32105.0,29792.0,1997.0,243.0,41.0,3.0,29.0
255,522,877,267,2,211857482296579_794602684293683,,,,,,,,20292.0,12535.0,68527.0,56232.0,11290.0,221.0,568.0,41.0,175.0
256,524,878,268,2,211857482296579_1566664543482526,,,,,,,,2203.0,4510.0,37314.0,34131.0,2693.0,404.0,46.0,4.0,36.0
257,526,879,269,2,211857482296579_1566467076835606,,,,,,,,1471.0,2821.0,26034.0,23594.0,2180.0,171.0,50.0,2.0,37.0
258,528,880,270,2,211857482296579_1566245736857740,,,,,,,,4301.0,3754.0,82089.0,76038.0,5193.0,560.0,259.0,4.0,35.0
259,530,881,271,2,211857482296579_1566126086869705,,,,,,,,7912.0,12688.0,157376.0,141323.0,14666.0,896.0,391.0,14.0,86.0
260,532,882,272,2,211857482296579_1565876073561373,,,,,,,,3312.0,19638.0,49420.0,45300.0,3516.0,321.0,193.0,9.0,81.0
261,534,883,273,2,211857482296579_1563515523797428,,,,,,,,3300.0,15172.0,27535.0,24526.0,1853.0,765.0,68.0,55.0,268.0
262,536,884,274,2,211857482296579_464356410782923,,,,,,,,28890.0,12535.0,66502.0,54823.0,10214.0,244.0,296.0,102.0,823.0
263,538,885,275,2,211857482296579_484080509091646,,,,,,,,7162.0,2567.0,24782.0,20692.0,3574.0,137.0,78.0,22.0,279.0
264,540,886,276,2,211857482296579_363428561237270,,,,,,,,20128.0,8014.0,51890.0,42723.0,8164.0,210.0,218.0,94.0,481.0
265,542,887,277,2,211857482296579_1561268164022164,,,,,,,,5287.0,4916.0,72733.0,65365.0,5671.0,176.0,1349.0,18.0,154.0
266,544,888,278,2,211857482296579_1561088390706808,,,,,,,,12314.0,35122.0,114532.0,103958.0,5380.0,350.0,311.0,3549.0,984.0
267,546,889,279,2,211857482296579_2559629260725581,,,,,,,,7574.0,2880.0,23592.0,19436.0,3812.0,57.0,150.0,25.0,112.0
268,548,890,280,2,211857482296579_2340853229365545,,,,,,,,11781.0,3530.0,36890.0,30331.0,6165.0,96.0,158.0,26.0,114.0
269,550,891,281,2,211857482296579_2395158850769809,,,,,,,,12456.0,12994.0,63409.0,54104.0,8514.0,505.0,157.0,32.0,97.0
270,552,892,282,2,211857482296579_1559965030819144,,,,,,,,11633.0,17712.0,136874.0,120229.0,12862.0,3512.0,208.0,21.0,42.0
271,554,893,283,2,211857482296579_1360446424109049,,,,,,,,17567.0,9664.0,70277.0,55499.0,14098.0,411.0,143.0,35.0,91.0
272,556,894,284,2,211857482296579_1559372104211770,,,,,,,,5793.0,45552.0,102569.0,90565.0,3885.0,1335.0,4965.0,364.0,1455.0
273,558,895,285,2,211857482296579_2362086217393480,,,,,,,,15810.0,12872.0,79270.0,68274.0,10120.0,292.0,374.0,52.0,158.0
274,560,896,286,2,211857482296579_668041397036888,,,,,,,,11582.0,3935.0,36495.0,30047.0,6022.0,143.0,159.0,29.0,95.0
275,563,897,288,2,211857482296579_1556787761136871,,,,,,,,8575.0,24510.0,137137.0,126862.0,8442.0,829.0,555.0,52.0,397.0
276,565,898,289,2,211857482296579_1556562434492737,,,,,,,,1880.0,3271.0,33934.0,30677.0,2974.0,214.0,49.0,5.0,15.0
277,567,899,290,2,211857482296579_397866394205059,,,,,,,,9096.0,2992.0,30346.0,25599.0,4432.0,108.0,120.0,21.0,66.0
278,569,900,291,2,211857482296579_379566209418183,,,,,,,,11609.0,3648.0,33778.0,27781.0,5551.0,269.0,109.0,19.0,49.0
279,571,901,292,2,211857482296579_1040375146164738,,,,,,,,19420.0,9413.0,72009.0,60833.0,10358.0,363.0,301.0,49.0,105.0
280,573,902,293,2,211857482296579_1556103027872011,,,,,,,,11314.0,138032.0,181773.0,162385.0,15350.0,3119.0,280.0,490.0,149.0
281,575,903,294,2,211857482296579_1555447794604201,,,,,,,,4676.0,28605.0,88003.0,81592.0,5504.0,238.0,597.0,19.0,53.0
282,577,904,295,2,211857482296579_2657025674331127,,,,,,,,16314.0,5078.0,52270.0,44551.0,7039.0,145.0,351.0,35.0,149.0
283,579,905,296,2,211857482296579_1554981114650869,,,,,,,,4160.0,4233.0,51467.0,44855.0,5920.0,522.0,131.0,14.0,25.0
284,581,906,297,2,211857482296579_381579675743149,,,,,,,,62170.0,14962.0,78824.0,65342.0,11981.0,256.0,715.0,129.0,401.0
285,583,907,298,2,211857482296579_1553374251478222,,,,,,,,7025.0,12518.0,70315.0,52059.0,6435.0,183.0,11498.0,45.0,95.0
286,585,908,299,2,211857482296579_480535465875323,,,,,,,,6949.0,2221.0,27281.0,22853.0,4169.0,91.0,109.0,13.0,46.0
287,587,909,300,2,211857482296579_895417817487867,,,,,,,,15111.0,7657.0,49109.0,40963.0,7464.0,202.0,341.0,29.0,110.0
288,589,910,301,2,211857482296579_629591134196259,,,,,,,,11615.0,4462.0,34214.0,27598.0,6104.0,147.0,250.0,22.0,93.0
289,591,911,302,2,211857482296579_1551513648330949,,,,,,,,6388.0,53246.0,124151.0,113531.0,9595.0,847.0,144.0,8.0,26.0
290,593,912,303,2,211857482296579_402175903741015,,,,,,,,4204.0,2984.0,33563.0,28679.0,4511.0,141.0,172.0,14.0,46.0
291,595,913,304,2,211857482296579_2104688189836177,,,,,,,,7791.0,2332.0,31705.0,25319.0,5937.0,138.0,208.0,26.0,77.0
292,597,914,305,2,211857482296579_344649396471549,,,,,,,,14975.0,7461.0,59438.0,49391.0,9144.0,133.0,684.0,16.0,70.0
293,599,915,306,2,211857482296579_1549478611867786,,,,,,,,12086.0,13422.0,276094.0,255297.0,19279.0,469.0,971.0,22.0,56.0
294,601,916,307,2,211857482296579_1548856948596619,,,,,,,,5955.0,16540.0,90284.0,81512.0,8063.0,440.0,156.0,26.0,87.0
295,603,917,308,2,211857482296579_1547896495359331,,,,,,,,5363.0,11679.0,79250.0,67355.0,6815.0,219.0,4754.0,16.0,91.0
296,605,918,309,2,211857482296579_535293020554804,,,,,,,,20994.0,7700.0,71330.0,59881.0,10635.0,190.0,458.0,44.0,122.0
297,607,919,310,2,211857482296579_1547613562054291,,,,,,,,3897.0,10871.0,66020.0,55677.0,5280.0,180.0,4813.0,16.0,54.0
298,609,920,311,2,211857482296579_2411158872500919,,,,,,,,61430.0,27746.0,122423.0,100477.0,19731.0,426.0,1075.0,132.0,582.0
299,611,921,312,2,211857482296579_1546482132167434,,,,,,,,2782.0,5696.0,36179.0,33204.0,2160.0,177.0,579.0,12.0,47.0
300,614,922,314,2,211857482296579_1546123285536652,,,,,,,,2373.0,14330.0,64246.0,57137.0,6632.0,405.0,44.0,12.0,16.0
301,616,923,315,2,211857482296579_1545149245634056,,,,,,,,11230.0,37902.0,150527.0,114705.0,4026.0,801.0,28680.0,489.0,1826.0
302,618,924,316,2,211857482296579_1544621079020206,,,,,,,,7001.0,7831.0,131956.0,113797.0,15994.0,275.0,1649.0,63.0,178.0
303,620,925,317,2,211857482296579_779062665846152,,,,,,,,13743.0,5186.0,40648.0,33010.0,7113.0,160.0,264.0,28.0,73.0
304,622,926,318,2,211857482296579_1544349559047358,,,,,,,,2695.0,11154.0,51527.0,47651.0,3399.0,405.0,55.0,3.0,14.0
305,624,927,319,2,211857482296579_706388283120130,,,,,,,,22088.0,16038.0,123092.0,104977.0,16858.0,342.0,701.0,44.0,170.0
306,626,928,320,2,211857482296579_1540711809411133,,,,,,,,6090.0,60024.0,111648.0,102529.0,8147.0,838.0,100.0,10.0,24.0
307,628,929,321,2,211857482296579_1539807426168238,,,,,,,,14939.0,14682.0,127261.0,96749.0,8952.0,246.0,21177.0,30.0,107.0
308,630,930,322,2,211857482296579_485488325356559,,,,,,,,33927.0,17714.0,85818.0,70983.0,13684.0,281.0,561.0,57.0,252.0
309,632,931,323,2,211857482296579_484221252337829,,,,,,,,20550.0,6927.0,50813.0,41668.0,8315.0,227.0,251.0,54.0,298.0
310,634,932,324,2,211857482296579_1538629736286007,,,,,,,,23580.0,38559.0,184266.0,152593.0,7517.0,2763.0,936.0,20184.0,273.0
311,636,933,325,2,211857482296579_1538397999642514,,,,,,,,2431.0,5087.0,48313.0,44250.0,3648.0,325.0,69.0,6.0,15.0
312,638,934,326,2,211857482296579_439523886899075,,,,,,,,12643.0,6022.0,40154.0,33223.0,6531.0,190.0,97.0,17.0,96.0
313,640,935,327,2,211857482296579_1537860353029612,,,,,,,,6665.0,10227.0,68615.0,58945.0,6792.0,211.0,2563.0,55.0,49.0
314,642,936,328,2,211857482296579_2491500707643170,,,,,,,,16408.0,6267.0,65568.0,52932.0,11779.0,218.0,485.0,22.0,132.0
315,644,937,329,2,211857482296579_1340006002843004,,,,,,,,2485.0,902.0,20218.0,17572.0,2431.0,101.0,48.0,15.0,51.0
316,646,938,330,2,211857482296579_1294470430713301,,,,,,,,4134.0,1200.0,23680.0,19885.0,3566.0,62.0,121.0,6.0,40.0
317,648,939,331,2,211857482296579_1536703383145309,,,,,,,,21905.0,25564.0,89400.0,56499.0,2882.0,917.0,27466.0,309.0,1327.0
318,650,940,332,2,211857482296579_1536640673151580,,,,,,,,3243.0,6104.0,81945.0,75749.0,5086.0,944.0,136.0,4.0,26.0
319,652,941,333,2,211857482296579_1536362836512697,,,,,,,,1738.0,2919.0,25339.0,23340.0,1545.0,239.0,93.0,19.0,103.0
320,654,942,334,2,211857482296579_1536178576531123,,,,,,,,3079.0,31830.0,78796.0,72821.0,5252.0,285.0,370.0,15.0,53.0
321,656,943,335,2,211857482296579_2386718028074515,,,,,,,,37530.0,13151.0,146382.0,117004.0,20808.0,578.0,7331.0,116.0,545.0
322,658,944,336,2,211857482296579_1535828826566098,,,,,,,,6048.0,73385.0,102308.0,92187.0,8946.0,863.0,251.0,14.0,47.0
323,660,945,337,2,211857482296579_1535172516631729,,,,,,,,1339.0,1533.0,27303.0,25352.0,1759.0,126.0,45.0,3.0,18.0
324,662,946,338,2,211857482296579_1534237983391849,,,,,,,,11935.0,31582.0,234930.0,216285.0,12151.0,468.0,5262.0,99.0,665.0
325,665,947,340,2,211857482296579_1533462880136026,,,,,,,,994.0,4125.0,22171.0,20564.0,1336.0,164.0,86.0,6.0,15.0
326,667,948,341,2,211857482296579_583963818800855,,,,,,,,16924.0,7154.0,61899.0,50882.0,10337.0,242.0,274.0,47.0,117.0
327,669,949,342,2,211857482296579_2247539372223098,,,,,,,,19518.0,13209.0,84577.0,70282.0,13095.0,279.0,763.0,36.0,122.0
328,671,950,343,2,211857482296579_1158471547669264,,,,,,,,14746.0,14493.0,92473.0,78282.0,12698.0,314.0,1013.0,43.0,123.0
329,673,951,344,2,211857482296579_418554592094977,,,,,,,,9109.0,4510.0,42596.0,34588.0,7502.0,107.0,341.0,14.0,44.0
330,675,952,345,2,211857482296579_482538742512562,,,,,,,,34012.0,14284.0,77632.0,64130.0,12172.0,223.0,620.0,65.0,422.0
331,677,953,346,2,211857482296579_1531173713698276,,,,,,,,7820.0,27481.0,121252.0,107600.0,12346.0,482.0,721.0,15.0,88.0
332,679,954,347,2,211857482296579_1531152903700357,,,,,,,,1685.0,3254.0,26391.0,22536.0,165.0,1699.0,158.0,189.0,1644.0
333,681,955,348,2,211857482296579_1530895757059405,,,,,,,,5548.0,5115.0,109604.0,100861.0,7959.0,503.0,200.0,19.0,62.0
334,683,956,349,2,211857482296579_1530208863794761,,,,,,,,1790.0,2562.0,31636.0,29052.0,2187.0,303.0,64.0,3.0,27.0
335,685,957,350,2,211857482296579_1530092560473058,,,,,,,,2278.0,10029.0,47588.0,44172.0,3060.0,251.0,77.0,6.0,22.0
336,687,958,351,2,211857482296579_908551552818673,,,,,,,,14550.0,6928.0,61697.0,47943.0,12958.0,224.0,400.0,33.0,139.0
337,689,959,352,2,211857482296579_1528915783924069,,,,,,,,19986.0,14678.0,111622.0,90173.0,1357.0,5107.0,679.0,2514.0,11792.0
338,691,960,353,2,211857482296579_1528660757282905,,,,,,,,2340.0,6383.0,43845.0,40058.0,3359.0,253.0,144.0,5.0,26.0
339,693,961,354,2,211857482296579_1528468853968762,,,,,,,,5260.0,14961.0,62328.0,55098.0,5878.0,127.0,1146.0,7.0,72.0
340,695,962,355,2,211857482296579_1528298567319124,,,,,,,,3959.0,5548.0,49617.0,43730.0,5159.0,146.0,436.0,41.0,105.0
341,697,963,356,2,211857482296579_1526324727516508,,,,,,,,3287.0,10400.0,58749.0,53887.0,3848.0,746.0,202.0,12.0,54.0
342,699,964,357,2,211857482296579_1526042540878060,,,,,,,,13878.0,17440.0,166807.0,147451.0,12845.0,387.0,5841.0,92.0,191.0
343,701,965,358,2,211857482296579_1525110470971267,,,,,,,,14114.0,53434.0,89911.0,72831.0,10534.0,888.0,5450.0,47.0,161.0
344,703,966,359,2,211857482296579_2355415791398367,,,,,,,,15876.0,6184.0,41548.0,32836.0,8023.0,200.0,155.0,41.0,293.0
345,705,967,360,2,211857482296579_1523677491114565,,,,,,,,3504.0,22325.0,59105.0,51439.0,6761.0,474.0,366.0,11.0,54.0
346,707,968,361,2,211857482296579_1523676564447991,,,,,,,,10782.0,19037.0,90704.0,52846.0,4621.0,127.0,32818.0,68.0,224.0
347,709,969,362,2,211857482296579_1523576341124680,,,,,,,,8743.0,2992.0,31373.0,18496.0,162.0,175.0,8082.0,644.0,3814.0
348,711,970,363,2,211857482296579_716948275436963,,,,,,,,44367.0,21036.0,101187.0,81777.0,16853.0,318.0,1730.0,77.0,432.0
349,713,971,364,2,211857482296579_1522338491248465,,,,,,,,5918.0,6008.0,135317.0,123120.0,11246.0,587.0,253.0,17.0,94.0
350,716,972,366,2,211857482296579_1521501171332197,,,,,,,,2614.0,5187.0,63691.0,58514.0,4461.0,569.0,116.0,11.0,20.0
351,718,973,367,2,211857482296579_1520752044740443,,,,,,,,3263.0,18461.0,59540.0,52943.0,5947.0,547.0,63.0,12.0,28.0
352,720,974,368,2,211857482296579_1519881894827458,,,,,,,,11797.0,32874.0,176804.0,156872.0,18354.0,1150.0,365.0,16.0,47.0
353,722,975,369,2,211857482296579_1518832301599084,,,,,,,,2714.0,5172.0,49452.0,45935.0,3027.0,413.0,61.0,5.0,11.0
354,724,976,370,2,211857482296579_1518248454990802,,,,,,,,8856.0,3455.0,46047.0,29685.0,487.0,309.0,11036.0,557.0,3973.0
355,726,977,371,2,211857482296579_1517571871725127,,,,,,,,4770.0,25339.0,43854.0,34400.0,152.0,2300.0,573.0,292.0,6137.0
356,728,978,372,2,211857482296579_1517103021772012,,,,,,,,2097.0,1640.0,42697.0,37458.0,4233.0,116.0,841.0,6.0,43.0
357,730,979,373,2,211857482296579_1517023681779946,,,,,,,,5925.0,51806.0,104729.0,92100.0,10673.0,1783.0,142.0,12.0,19.0
358,732,980,374,2,211857482296579_694064184390538,,,,,,,,46818.0,6310.0,57973.0,40409.0,7180.0,426.0,902.0,756.0,8300.0
359,734,981,375,2,211857482296579_1516107135204934,,,,,,,,16694.0,6918.0,239384.0,201566.0,35170.0,826.0,1649.0,34.0,139.0
360,736,982,376,2,211857482296579_1516029268546054,,,,,,,,3029.0,8511.0,73489.0,67612.0,5182.0,352.0,199.0,9.0,135.0
361,738,983,377,2,211857482296579_382878162361521,,,,,,,,27057.0,12328.0,66940.0,52799.0,12899.0,372.0,245.0,81.0,544.0
362,740,984,378,2,211857482296579_1515399371942377,,,,,,,,1679.0,2355.0,45287.0,40858.0,3850.0,161.0,325.0,14.0,79.0
363,742,985,379,2,211857482296579_1514973981984916,,,,,,,,6386.0,3290.0,109523.0,90360.0,14896.0,255.0,3665.0,105.0,242.0
364,744,986,380,2,211857482296579_1514001338748847,,,,,,,,1406.0,6020.0,44573.0,40829.0,3350.0,274.0,41.0,52.0,27.0
365,746,987,381,2,211857482296579_1513101642172150,,,,,,,,2430.0,10806.0,67723.0,61825.0,5268.0,571.0,40.0,5.0,14.0
366,748,988,382,2,211857482296579_2446425662086988,,,,,,,,19004.0,12497.0,69123.0,55505.0,12829.0,262.0,342.0,40.0,145.0
367,750,989,383,2,211857482296579_1512227452259569,,,,,,,,14242.0,19332.0,369339.0,314885.0,47083.0,974.0,6181.0,36.0,180.0
368,752,990,384,2,211857482296579_1512008718948109,,,,,,,,18828.0,133907.0,296061.0,237231.0,51193.0,1075.0,6363.0,46.0,153.0
369,754,991,385,2,211857482296579_1511902488958732,,,,,,,,7650.0,9740.0,207125.0,174535.0,22256.0,392.0,9823.0,17.0,102.0
370,756,992,386,2,211857482296579_1511001575715490,,,,,,,,3920.0,3685.0,71322.0,55086.0,4865.0,265.0,11029.0,22.0,55.0
371,758,993,387,2,211857482296579_1510538375761810,,,,,,,,12825.0,66758.0,110038.0,98739.0,9966.0,322.0,880.0,34.0,97.0
372,760,994,388,2,211857482296579_1509637959185185,,,,,,,,1511.0,8274.0,55300.0,50914.0,3973.0,249.0,136.0,6.0,22.0
373,762,995,389,2,211857482296579_677959329333072,,,,,,,,34597.0,13864.0,72412.0,58099.0,13186.0,290.0,417.0,76.0,344.0
374,764,996,390,2,211857482296579_1508768472605467,,,,,,,,2050.0,5669.0,56451.0,51270.0,4360.0,721.0,80.0,8.0,12.0
375,767,997,392,2,211857482296579_1508359909312990,,,,,,,,1671.0,5276.0,48698.0,44296.0,3936.0,299.0,116.0,8.0,43.0
376,769,998,393,2,211857482296579_1507264242755890,,,,,,,,2400.0,1986.0,58391.0,53019.0,4185.0,254.0,901.0,7.0,25.0
377,771,999,394,2,211857482296579_1505063622975952,,,,,,,,8035.0,15159.0,168098.0,153426.0,13571.0,814.0,261.0,5.0,21.0
378,773,1000,395,2,211857482296579_1504793683002946,,,,,,,,3268.0,17468.0,72358.0,65520.0,6294.0,355.0,167.0,3.0,19.0
379,775,1001,396,2,211857482296579_1503540113128303,,,,,,,,5373.0,20384.0,85097.0,72740.0,11108.0,935.0,272.0,11.0,31.0
380,777,1002,397,2,211857482296579_1502872036528444,,,,,,,,3304.0,12757.0,70587.0,61873.0,7790.0,657.0,238.0,6.0,23.0
381,779,1003,398,2,211857482296579_1502670873215227,,,,,,,,4036.0,13004.0,119518.0,110241.0,7708.0,354.0,1179.0,9.0,27.0
382,781,1004,399,2,211857482296579_2414543882132585,,,,,,,,56911.0,18967.0,115021.0,89751.0,22664.0,382.0,1470.0,137.0,617.0
383,783,1005,400,2,211857482296579_1499958480153133,,,,,,,,3181.0,8720.0,71208.0,66226.0,4359.0,378.0,149.0,20.0,76.0
384,785,1006,401,2,211857482296579_1497044240444557,,,,,,,,1189.0,2778.0,30175.0,27853.0,1985.0,207.0,111.0,4.0,15.0
385,787,1007,402,2,211857482296579_1496893443792970,,,,,,,,8956.0,19539.0,53795.0,27595.0,90.0,486.0,125.0,4765.0,20734.0
386,789,1008,403,2,211857482296579_1496047550544226,,,,,,,,2455.0,3331.0,57399.0,53173.0,3641.0,458.0,88.0,4.0,35.0
387,791,1009,404,2,211857482296579_2398542333725192,,,,,,,,48730.0,19787.0,107295.0,85024.0,20905.0,354.0,588.0,94.0,330.0
388,793,1010,405,2,211857482296579_2336345753287696,,,,,,,,16119.0,5829.0,54731.0,43420.0,10727.0,165.0,271.0,35.0,113.0
389,795,1011,406,2,211857482296579_1495250947290553,,,,,,,,3103.0,9268.0,66359.0,58826.0,6852.0,461.0,174.0,6.0,40.0
390,797,1012,407,2,211857482296579_1493844474097867,,,,,,,,7781.0,18308.0,103048.0,80627.0,8264.0,383.0,13701.0,17.0,56.0
391,799,1013,408,2,211857482296579_1493631157452532,,,,,,,,2493.0,4823.0,42970.0,38064.0,4614.0,216.0,53.0,6.0,17.0
392,801,1014,409,2,211857482296579_1492944010854580,,,,,,,,14683.0,16486.0,183340.0,143310.0,3260.0,248.0,67.0,34939.0,1516.0
393,803,1015,410,2,211857482296579_1491072611041720,,,,,,,,10222.0,12781.0,127019.0,105934.0,12486.0,7491.0,990.0,51.0,67.0
394,805,1016,411,2,211857482296579_1490061347809513,,,,,,,,8025.0,31498.0,116240.0,100549.0,13962.0,1172.0,465.0,18.0,74.0
395,807,1017,412,2,211857482296579_1489659747849673,,,,,,,,6595.0,10072.0,79493.0,66721.0,1698.0,438.0,538.0,1666.0,8432.0
396,809,1018,413,2,211857482296579_1489208827894765,,,,,,,,5125.0,13649.0,87306.0,75193.0,10919.0,387.0,741.0,12.0,54.0
397,811,1019,414,2,211857482296579_498636164213192,,,,,,,,44746.0,17646.0,104817.0,81205.0,22165.0,295.0,627.0,121.0,404.0
398,813,1020,415,2,211857482296579_1487455524736762,,,,,,,,3333.0,4021.0,83640.0,74914.0,8225.0,394.0,89.0,4.0,14.0
399,815,1021,416,2,211857482296579_1487449011404080,,,,,,,,20646.0,12131.0,168467.0,139672.0,16821.0,847.0,10080.0,259.0,788.0
400,818,1022,418,2,211857482296579_1486626401486341,,,,,,,,20775.0,70544.0,250580.0,214183.0,31194.0,1265.0,3273.0,80.0,585.0
401,820,1023,419,2,211857482296579_1486507221498259,,,,,,,,13171.0,7631.0,297249.0,246886.0,41567.0,911.0,7765.0,44.0,76.0
402,822,1024,420,2,211857482296579_1482606098555038,,,,,,,,3516.0,28846.0,69822.0,61824.0,6969.0,891.0,100.0,9.0,29.0
403,824,1025,421,2,211857482296579_1481436698671978,,,,,,,,3932.0,7175.0,91162.0,81787.0,8665.0,450.0,80.0,76.0,104.0
404,826,1026,422,2,211857482296579_333346907336785,,,,,,,,44126.0,18649.0,94495.0,72298.0,20766.0,320.0,649.0,82.0,380.0
405,828,1027,423,2,211857482296579_1479185558897092,,,,,,,,8450.0,38637.0,163767.0,144440.0,15969.0,683.0,2367.0,39.0,269.0
406,830,1028,424,2,211857482296579_1477221109093537,,,,,,,,6102.0,8901.0,68245.0,59179.0,8534.0,422.0,88.0,8.0,14.0
407,832,1029,425,2,211857482296579_1476847642464217,,,,,,,,9908.0,3502.0,125557.0,106818.0,16403.0,299.0,1954.0,21.0,62.0
408,834,1030,426,2,211857482296579_1476781932470788,,,,,,,,3794.0,1707.0,71181.0,59377.0,9133.0,200.0,2403.0,40.0,28.0
409,836,1031,427,2,211857482296579_1475667249248923,,,,,,,,29625.0,130312.0,440362.0,372424.0,59733.0,4718.0,3024.0,83.0,380.0
410,838,1032,428,2,211857482296579_1475045735977741,,,,,,,,3269.0,3642.0,89415.0,72053.0,2184.0,181.0,152.0,14577.0,268.0
411,840,1033,429,2,211857482296579_308054980133160,,,,,,,,44875.0,19583.0,94688.0,72840.0,20282.0,354.0,686.0,132.0,394.0
412,842,1034,430,2,211857482296579_1472079102941071,,,,,,,,3748.0,6653.0,86244.0,78245.0,7134.0,550.0,273.0,11.0,31.0
413,844,1035,431,2,211857482296579_1471327649682883,,,,,,,,2922.0,9140.0,58095.0,48179.0,7145.0,199.0,2417.0,45.0,110.0
414,846,1036,432,2,211857482296579_1471045029711145,,,,,,,,2919.0,5600.0,76246.0,69866.0,5977.0,338.0,53.0,5.0,7.0
415,848,1037,433,2,211857482296579_1470525566429758,,,,,,,,5247.0,47169.0,147412.0,129796.0,15101.0,521.0,1846.0,14.0,134.0
416,850,1038,434,2,211857482296579_1470350033113978,,,,,,,,1113.0,3154.0,24934.0,22525.0,2097.0,284.0,22.0,2.0,4.0
417,852,1039,435,2,211857482296579_1469372333211748,,,,,,,,1073.0,1684.0,25616.0,23254.0,2112.0,152.0,83.0,3.0,12.0
418,854,1040,436,2,211857482296579_1468681519947496,,,,,,,,9357.0,12493.0,188888.0,168671.0,18617.0,443.0,1077.0,18.0,62.0
419,856,1041,437,2,211857482296579_1468542409961407,,,,,,,,5290.0,13971.0,168987.0,142347.0,24707.0,440.0,1406.0,38.0,49.0
420,858,1042,438,2,211857482296579_1468459683303013,,,,,,,,5499.0,7363.0,111099.0,101263.0,8721.0,276.0,768.0,35.0,36.0
421,860,1043,439,2,211857482296579_1468100690005579,,,,,,,,4834.0,33290.0,87667.0,74635.0,11652.0,589.0,754.0,13.0,24.0
422,862,1044,440,2,211857482296579_1467409400074708,,,,,,,,31460.0,16669.0,469796.0,408572.0,57933.0,2694.0,456.0,29.0,112.0
423,864,1045,441,2,211857482296579_1466389573510024,,,,,,,,2913.0,9231.0,55078.0,48507.0,6118.0,343.0,78.0,3.0,29.0
424,866,1046,442,2,211857482296579_1466315963517385,,,,,,,,7976.0,13931.0,153356.0,108416.0,11175.0,219.0,33433.0,48.0,65.0
425,869,1047,444,2,211857482296579_1466107783538203,,,,,,,,2817.0,6662.0,78540.0,71132.0,6795.0,515.0,75.0,7.0,16.0
426,871,1048,445,2,211857482296579_289680521744872,,,,,,,,57759.0,25941.0,106304.0,81519.0,23093.0,362.0,716.0,118.0,496.0
427,873,1049,446,2,211857482296579_1463655967116718,,,,,,,,11325.0,11986.0,141017.0,123884.0,15348.0,392.0,1304.0,17.0,72.0
428,875,1050,447,2,211857482296579_1463323567149958,,,,,,,,3188.0,10852.0,82045.0,74704.0,5642.0,1356.0,67.0,200.0,76.0
429,877,1051,448,2,211857482296579_1463053803843601,,,,,,,,14104.0,9902.0,155233.0,136584.0,17105.0,377.0,1080.0,13.0,74.0
430,879,1052,449,2,211857482296579_1461255930690055,,,,,,,,6376.0,18538.0,50691.0,43518.0,5852.0,379.0,876.0,18.0,48.0
431,881,1053,450,2,211857482296579_1460907057391609,,,,,,,,2028.0,2799.0,40492.0,34140.0,2009.0,68.0,40.0,4221.0,14.0
432,883,1054,451,2,211857482296579_1460435210772127,,,,,,,,8498.0,30600.0,99113.0,81423.0,16395.0,335.0,909.0,8.0,43.0
433,885,1055,452,2,211857482296579_1459843137498001,,,,,,,,10428.0,14120.0,132457.0,119150.0,10099.0,2457.0,487.0,85.0,179.0
434,887,1056,453,2,211857482296579_1459328500882798,,,,,,,,2281.0,8220.0,40364.0,35962.0,3874.0,404.0,100.0,7.0,17.0
435,889,1057,454,2,211857482296579_291624458391519,,,,,,,,57893.0,19218.0,101020.0,75521.0,23457.0,337.0,877.0,137.0,691.0
436,891,1058,455,2,211857482296579_1456545947827720,,,,,,,,3826.0,21143.0,42220.0,38529.0,2912.0,162.0,440.0,30.0,147.0
437,893,1059,456,2,211857482296579_1455350334613948,,,,,,,,1377.0,3324.0,32175.0,29649.0,2176.0,184.0,73.0,12.0,81.0
438,895,1060,457,2,211857482296579_1454575134691468,,,,,,,,1633.0,4872.0,30229.0,27389.0,2587.0,182.0,51.0,1.0,19.0
439,897,1061,458,2,211857482296579_1454150828067232,,,,,,,,13042.0,14434.0,348849.0,292090.0,54604.0,1669.0,365.0,51.0,70.0
440,899,1062,459,2,211857482296579_1453934348088880,,,,,,,,1517.0,2081.0,28363.0,25944.0,2070.0,215.0,47.0,22.0,65.0
441,901,1063,460,2,211857482296579_1452739101541738,,,,,,,,4692.0,16203.0,70792.0,61874.0,8354.0,268.0,193.0,12.0,91.0
442,903,1064,461,2,211857482296579_1452454008236914,,,,,,,,5629.0,69694.0,62902.0,56614.0,4640.0,283.0,1174.0,16.0,175.0
443,905,1065,462,2,211857482296579_2623863191021414,,,,,,,,51272.0,21895.0,85825.0,65992.0,17722.0,365.0,942.0,167.0,637.0
444,907,1066,463,2,211857482296579_1451093008373014,,,,,,,,3096.0,14945.0,38312.0,31803.0,5625.0,782.0,70.0,5.0,27.0
445,909,1067,464,2,211857482296579_1450800358402279,,,,,,,,2018.0,4506.0,58868.0,52829.0,5537.0,350.0,100.0,9.0,43.0
446,911,1068,465,2,211857482296579_1068816003302273,,,,,,,,18837.0,6258.0,39932.0,31127.0,7924.0,255.0,189.0,65.0,372.0
447,913,1069,466,2,211857482296579_348007282735090,,,,,,,,25174.0,11569.0,72296.0,54625.0,15518.0,509.0,446.0,231.0,967.0
448,915,1070,467,2,211857482296579_1446512158831099,,,,,,,,3323.0,5880.0,74746.0,67533.0,6486.0,414.0,218.0,15.0,80.0
449,917,1071,468,2,211857482296579_1446345052181143,,,,,,,,5484.0,10623.0,42974.0,17157.0,88.0,730.0,79.0,20281.0,4639.0
450,920,1072,470,2,211857482296579_1446057705543211,,,,,,,,6445.0,9766.0,110850.0,98200.0,10900.0,278.0,1221.0,31.0,220.0
451,922,1073,471,2,211857482296579_1445511132264535,,,,,,,,7948.0,12117.0,121454.0,112005.0,7157.0,290.0,1554.0,232.0,216.0
452,924,1074,472,2,211857482296579_1445314648950850,,,,,,,,2572.0,11872.0,42295.0,36019.0,5511.0,204.0,335.0,204.0,22.0
453,926,1075,473,2,211857482296579_605572463274269,,,,,,,,47080.0,17602.0,100372.0,77484.0,20909.0,386.0,817.0,162.0,614.0
454,928,1076,474,2,211857482296579_1443590205789961,,,,,,,,1518.0,4156.0,39205.0,35870.0,2963.0,331.0,25.0,3.0,13.0
455,930,1077,475,2,211857482296579_1443014159180899,,,,,,,,1523.0,2179.0,21086.0,19708.0,821.0,78.0,44.0,398.0,37.0
456,932,1078,476,2,211857482296579_1442928435856138,,,,,,,,1672.0,12900.0,32264.0,29277.0,2581.0,264.0,101.0,7.0,34.0
457,934,1079,477,2,211857482296579_1442212845927697,,,,,,,,2859.0,6752.0,58712.0,53452.0,4768.0,392.0,69.0,5.0,26.0
458,936,1080,478,2,211857482296579_1442069465942035,,,,,,,,3003.0,2066.0,46619.0,43182.0,2586.0,363.0,154.0,260.0,74.0
459,938,1081,479,2,211857482296579_1440916212724027,,,,,,,,2472.0,7357.0,44649.0,39705.0,4575.0,104.0,220.0,7.0,38.0
460,940,1082,480,2,211857482296579_1440645402751108,,,,,,,,5584.0,25451.0,65258.0,58824.0,5662.0,438.0,196.0,21.0,117.0
461,942,1083,481,2,211857482296579_1440454662770182,,,,,,,,521.0,1631.0,14253.0,13186.0,942.0,99.0,18.0,1.0,7.0
462,944,1084,482,2,211857482296579_1438773156271666,,,,,,,,4734.0,17346.0,53231.0,34426.0,4068.0,74.0,14593.0,6.0,64.0
463,946,1085,483,2,211857482296579_1437225133093135,,,,,,,,5510.0,6858.0,63153.0,56528.0,5311.0,616.0,341.0,46.0,311.0
464,948,1086,484,2,211857482296579_1228138907351974,,,,,,,,52572.0,19208.0,76410.0,58653.0,16345.0,276.0,507.0,153.0,476.0
465,950,1087,485,2,211857482296579_1436863746462607,,,,,,,,1448.0,905.0,21510.0,19818.0,1459.0,68.0,136.0,5.0,24.0
466,952,1088,486,2,211857482296579_1436449709837344,,,,,,,,3403.0,7621.0,51873.0,46079.0,4969.0,703.0,100.0,6.0,16.0
467,954,1089,487,2,211857482296579_1432825193533129,,,,,,,,15977.0,37077.0,146763.0,110331.0,21219.0,1444.0,13703.0,25.0,41.0
468,956,1090,488,2,211857482296579_1432002230282092,,,,,,,,18523.0,20310.0,286031.0,245541.0,39438.0,818.0,168.0,22.0,44.0
469,958,1091,489,2,211857482296579_314243639261454,,,,,,,,67575.0,26700.0,136110.0,107489.0,26450.0,436.0,999.0,155.0,581.0
470,960,1092,490,2,211857482296579_965431323847896,,,,,,,,40187.0,36305.0,92063.0,73522.0,16979.0,405.0,669.0,130.0,358.0
471,962,1093,491,2,211857482296579_1429535463862102,,,,,,,,4462.0,6866.0,96353.0,81942.0,12779.0,1049.0,503.0,26.0,54.0
472,964,1094,492,2,211857482296579_1428496897299292,,,,,,,,1570.0,2045.0,28906.0,26973.0,1625.0,231.0,41.0,6.0,30.0
473,966,1095,493,2,211857482296579_1427740037374978,,,,,,,,1854.0,3865.0,43545.0,39827.0,2976.0,628.0,95.0,6.0,13.0
474,968,1096,494,2,211857482296579_1427518370730478,,,,,,,,4205.0,10921.0,86985.0,78923.0,7021.0,933.0,81.0,3.0,24.0
475,971,1097,496,2,211857482296579_1427169237432058,,,,,,,,1631.0,10628.0,37347.0,32733.0,4127.0,451.0,21.0,6.0,9.0
476,973,1098,497,2,211857482296579_1426915217457460,,,,,,,,3174.0,5945.0,42204.0,37190.0,4583.0,289.0,108.0,7.0,27.0
477,975,1099,498,2,211857482296579_1426742224141426,,,,,,,,1771.0,7931.0,52077.0,46212.0,5428.0,329.0,84.0,7.0,17.0
478,977,1100,499,2,211857482296579_1426140917534890,,,,,,,,2085.0,7612.0,80003.0,72122.0,6457.0,1228.0,154.0,9.0,33.0
479,979,1101,500,2,211857482296579_1425964864219162,,,,,,,,2724.0,15388.0,42685.0,36564.0,4014.0,278.0,1813.0,1.0,15.0
480,981,1102,501,2,211857482296579_1425915520890763,,,,,,,,3279.0,2957.0,59040.0,52835.0,5260.0,698.0,194.0,8.0,45.0
481,983,1103,502,2,211857482296579_350951758864787,,,,,,,,71479.0,25073.0,117027.0,88819.0,26358.0,398.0,816.0,134.0,502.0
482,985,1104,503,2,211857482296579_1422326844582964,,,,,,,,885.0,2847.0,21088.0,19235.0,1682.0,153.0,8.0,3.0,7.0
483,987,1105,504,2,211857482296579_1420688504746798,,,,,,,,2694.0,12036.0,39782.0,35800.0,3629.0,234.0,74.0,7.0,38.0
484,989,1106,505,2,211857482296579_1419699074845741,,,,,,,,2380.0,5063.0,29630.0,25571.0,3698.0,217.0,116.0,11.0,17.0
485,991,1107,506,2,211857482296579_2755491877798514,,,,,,,,76638.0,36654.0,141929.0,108212.0,31614.0,544.0,899.0,132.0,528.0
486,993,1108,507,2,211857482296579_1416758561806459,,,,,,,,2438.0,3380.0,50039.0,46654.0,2959.0,220.0,138.0,12.0,56.0
487,995,1109,508,2,211857482296579_1415877045227944,,,,,,,,1211.0,2657.0,24865.0,22545.0,2115.0,133.0,52.0,2.0,18.0
488,997,1110,509,2,211857482296579_1415631028585879,,,,,,,,1302.0,2310.0,33518.0,31282.0,1986.0,200.0,30.0,5.0,15.0
489,999,1111,510,2,211857482296579_1414571818691800,,,,,,,,1272.0,3410.0,35371.0,32448.0,2603.0,266.0,41.0,1.0,12.0
490,1001,1112,511,2,211857482296579_1413890645426584,,,,,,,,1403.0,2166.0,35004.0,32339.0,2331.0,265.0,35.0,11.0,23.0
491,1003,1113,512,2,211857482296579_1411377829011199,,,,,,,,11657.0,9094.0,97944.0,36561.0,1565.0,637.0,58762.0,124.0,295.0
492,1005,1114,513,2,211857482296579_1410625625753086,,,,,,,,9468.0,37009.0,131984.0,119183.0,10962.0,846.0,908.0,22.0,63.0
493,1007,1115,514,2,211857482296579_364751220808875,,,,,,,,75526.0,31364.0,130648.0,99602.0,28772.0,511.0,994.0,140.0,629.0
494,1009,1116,515,2,211857482296579_1409440675871581,,,,,,,,36611.0,49232.0,227909.0,198378.0,14058.0,1215.0,10640.0,971.0,2647.0
495,1011,1117,516,2,211857482296579_1409190432563272,,,,,,,,2442.0,3383.0,49376.0,45092.0,3491.0,277.0,490.0,2.0,24.0
496,1013,1118,517,2,211857482296579_1408731785942470,,,,,,,,931.0,2167.0,20068.0,18151.0,1751.0,141.0,12.0,1.0,12.0
497,1015,1119,518,2,211857482296579_1408408712641444,,,,,,,,3396.0,8264.0,66820.0,59023.0,3197.0,3958.0,355.0,56.0,231.0
498,1017,1120,519,2,211857482296579_1408235289325453,,,,,,,,2562.0,5655.0,61006.0,56387.0,3968.0,501.0,92.0,24.0,34.0
499,1019,1121,520,2,211857482296579_1407688712713444,,,,,,,,4596.0,7757.0,82683.0,74965.0,6685.0,628.0,343.0,20.0,42.0
500,1022,1122,522,2,211857482296579_1407326082749707,,,,,,,,5272.0,12174.0,91167.0,83327.0,7003.0,695.0,102.0,8.0,32.0
501,1024,1123,523,2,211857482296579_1406949462787369,,,,,,,,2836.0,14675.0,45108.0,40741.0,3676.0,628.0,26.0,9.0,28.0
502,1026,1124,524,2,211857482296579_1406375342844781,,,,,,,,5006.0,9555.0,103700.0,94823.0,7878.0,643.0,265.0,18.0,73.0
503,1028,1125,525,2,211857482296579_1405219156293733,,,,,,,,1385.0,3902.0,24831.0,22631.0,1912.0,231.0,37.0,4.0,16.0
504,1030,1126,526,2,211857482296579_261627651390835,,,,,,,,112793.0,32386.0,164045.0,119743.0,41653.0,623.0,1145.0,153.0,728.0
505,1032,1127,527,2,211857482296579_1404256833056632,,,,,,,,1953.0,1459.0,34591.0,31766.0,2537.0,210.0,58.0,5.0,15.0
506,1034,1128,528,2,211857482296579_1403306876484961,,,,,,,,1504.0,1837.0,20663.0,18874.0,1589.0,182.0,11.0,0.0,7.0
507,1036,1129,529,2,211857482296579_1402960589852923,,,,,,,,5557.0,6845.0,97716.0,87202.0,9199.0,1037.0,219.0,12.0,47.0
508,1038,1130,530,2,211857482296579_1402546763227639,,,,,,,,4930.0,8095.0,65240.0,58792.0,5730.0,371.0,235.0,11.0,101.0
509,1040,1131,531,2,211857482296579_1401433043339011,,,,,,,,3670.0,3300.0,67648.0,59505.0,7444.0,374.0,264.0,13.0,48.0
510,1042,1132,532,2,211857482296579_1401416643340651,,,,,,,,2418.0,4913.0,51081.0,45508.0,5002.0,432.0,114.0,8.0,17.0
511,1044,1133,533,2,211857482296579_1401127850036197,,,,,,,,1500.0,12829.0,41048.0,36907.0,3305.0,787.0,43.0,3.0,3.0
512,1046,1134,534,2,211857482296579_1400687976746851,,,,,,,,11068.0,24091.0,172248.0,149177.0,20646.0,1682.0,642.0,18.0,83.0
513,1048,1135,535,2,211857482296579_1400001923482123,,,,,,,,2348.0,5195.0,40200.0,36980.0,2868.0,298.0,30.0,2.0,22.0
514,1050,1136,536,2,211857482296579_1399351363547179,,,,,,,,1408.0,5835.0,28804.0,25972.0,2389.0,377.0,47.0,2.0,17.0
515,1052,1137,537,2,211857482296579_633553883732832,,,,,,,,84394.0,33170.0,144108.0,108152.0,33391.0,518.0,969.0,243.0,835.0
516,1054,1138,538,2,211857482296579_1397760973706218,,,,,,,,8912.0,21727.0,105760.0,94955.0,9613.0,975.0,164.0,11.0,42.0
517,1056,1139,539,2,211857482296579_1396750703807245,,,,,,,,1822.0,2692.0,33685.0,30620.0,2534.0,452.0,52.0,8.0,19.0
518,1058,1140,540,2,211857482296579_1394960630652919,,,,,,,,2745.0,9558.0,33960.0,30378.0,2521.0,273.0,68.0,38.0,682.0
519,1060,1141,541,2,211857482296579_1394543487361300,,,,,,,,10879.0,7955.0,140156.0,121877.0,16154.0,1552.0,446.0,25.0,102.0
520,1062,1142,542,2,211857482296579_1393293570819625,,,,,,,,2822.0,40102.0,39404.0,36212.0,2478.0,162.0,412.0,19.0,121.0
521,1064,1143,543,2,211857482296579_2168960073415641,,,,,,,,148665.0,64709.0,215687.0,156603.0,54661.0,695.0,1974.0,283.0,1471.0
522,1066,1144,544,2,211857482296579_1391161064366209,,,,,,,,3246.0,2782.0,44952.0,40279.0,3582.0,132.0,898.0,15.0,46.0
523,1068,1145,545,2,211857482296579_1390768344405481,,,,,,,,15959.0,21428.0,145446.0,114274.0,18806.0,372.0,11873.0,17.0,104.0
524,1070,1146,546,2,211857482296579_1389700274512288,,,,,,,,3507.0,4919.0,51735.0,47096.0,3865.0,178.0,217.0,41.0,338.0
525,1073,1147,548,2,211857482296579_1389670354515280,,,,,,,,1566.0,3038.0,55816.0,52470.0,2834.0,143.0,336.0,4.0,29.0
526,1075,1148,549,2,211857482296579_1389307021218280,,,,,,,,2976.0,6165.0,45339.0,41955.0,2948.0,329.0,59.0,10.0,38.0
527,1077,1149,550,2,211857482296579_1385764711572511,,,,,,,,1570.0,3069.0,28373.0,26302.0,1694.0,318.0,39.0,7.0,13.0
528,1079,1150,551,2,211857482296579_1385545961594386,,,,,,,,3177.0,5332.0,46400.0,42000.0,2136.0,1980.0,77.0,69.0,138.0
529,1081,1151,552,2,211857482296579_1385483171600665,,,,,,,,1060.0,689.0,29520.0,26611.0,490.0,31.0,27.0,2343.0,18.0
530,1083,1152,553,2,211857482296579_1384274925054823,,,,,,,,1260.0,4328.0,27985.0,25077.0,2526.0,282.0,70.0,7.0,23.0
531,1085,1153,554,2,211857482296579_1382699951878987,,,,,,,,6629.0,7691.0,92718.0,83850.0,7981.0,631.0,100.0,50.0,106.0
532,1087,1154,555,2,211857482296579_1382193908596258,,,,,,,,3329.0,3590.0,36442.0,33751.0,2314.0,290.0,37.0,6.0,44.0
533,1089,1155,556,2,211857482296579_1380786592070323,,,,,,,,6334.0,11517.0,51116.0,44669.0,3927.0,296.0,279.0,159.0,1786.0
534,1091,1156,557,2,211857482296579_1380661378749511,,,,,,,,6053.0,24096.0,85973.0,74286.0,9324.0,1381.0,464.0,103.0,415.0
535,1093,1157,558,2,211857482296579_1378580855624230,,,,,,,,3100.0,3658.0,43773.0,40282.0,2965.0,427.0,42.0,12.0,45.0
536,1095,1158,559,2,211857482296579_1378328498982799,,,,,,,,2411.0,3243.0,45429.0,40675.0,4017.0,529.0,167.0,10.0,31.0
537,1097,1159,560,2,211857482296579_1378268418988807,,,,,,,,4264.0,17661.0,82227.0,77027.0,4673.0,303.0,124.0,45.0,55.0
538,1099,1160,561,2,211857482296579_1375671095915206,,,,,,,,19181.0,13851.0,146046.0,52501.0,5849.0,569.0,86862.0,91.0,174.0
539,1101,1161,562,2,211857482296579_1374694846012831,,,,,,,,2699.0,4881.0,46797.0,42616.0,3595.0,402.0,70.0,13.0,101.0
540,1103,1162,563,2,211857482296579_1372868842862098,,,,,,,,2218.0,2959.0,42147.0,38506.0,3225.0,354.0,45.0,9.0,8.0
541,1105,1163,564,2,211857482296579_1372679519547697,,,,,,,,3400.0,4048.0,95488.0,66278.0,1215.0,257.0,48.0,27663.0,27.0
542,1107,1164,565,2,211857482296579_1371655099650139,,,,,,,,777.0,2856.0,24305.0,22367.0,1745.0,162.0,25.0,2.0,4.0
543,1109,1165,566,2,211857482296579_1370373509778298,,,,,,,,111039.0,72639.0,408067.0,351792.0,53645.0,1615.0,571.0,353.0,91.0
544,1111,1166,567,2,211857482296579_1370210023127980,,,,,,,,4006.0,11585.0,76910.0,67786.0,8569.0,408.0,113.0,19.0,15.0
545,1113,1167,568,2,211857482296579_1369764066505909,,,,,,,,1205.0,4654.0,33776.0,30690.0,2727.0,326.0,26.0,2.0,5.0
546,1115,1168,569,2,211857482296579_1369560939859555,,,,,,,,22376.0,41637.0,202528.0,174015.0,25032.0,3036.0,294.0,98.0,53.0
547,1117,1169,570,2,211857482296579_1369000996582216,,,,,,,,1502.0,4018.0,56293.0,41317.0,1335.0,83.0,26.0,13511.0,21.0
548,1119,1170,571,2,211857482296579_1367148026767513,,,,,,,,4136.0,9136.0,47413.0,41168.0,1285.0,361.0,2836.0,588.0,1175.0
549,1121,1171,572,2,211857482296579_1366815290134120,,,,,,,,5098.0,3236.0,50538.0,44421.0,5377.0,646.0,57.0,22.0,15.0
550,1124,1172,574,2,211857482296579_1364988146983501,,,,,,,,17754.0,23552.0,267297.0,173576.0,17320.0,617.0,75603.0,51.0,130.0
551,1126,1173,575,2,211857482296579_1364535050362144,,,,,,,,9195.0,3552.0,77453.0,67461.0,9700.0,204.0,65.0,13.0,10.0
552,1128,1174,576,2,211857482296579_1364056137076702,,,,,,,,5123.0,11051.0,94405.0,85354.0,8480.0,442.0,103.0,6.0,20.0
553,1130,1175,577,2,211857482296579_1362795003869482,,,,,,,,3357.0,5080.0,59330.0,53393.0,4810.0,987.0,111.0,20.0,9.0
554,1132,1176,578,2,211857482296579_1362296723919310,,,,,,,,1407.0,3973.0,51396.0,43218.0,6311.0,1736.0,56.0,70.0,5.0
555,1134,1177,579,2,211857482296579_1361924410623208,,,,,,,,8038.0,8864.0,106614.0,93680.0,12317.0,463.0,114.0,20.0,20.0
556,1136,1178,580,2,211857482296579_1361488960666753,,,,,,,,3158.0,8876.0,55210.0,48953.0,5126.0,1069.0,50.0,2.0,10.0
557,1138,1179,581,2,211857482296579_1361131754035807,,,,,,,,12927.0,6552.0,126211.0,111430.0,14204.0,475.0,71.0,10.0,21.0
558,1140,1180,582,2,211857482296579_1358172774331705,,,,,,,,2791.0,10208.0,76652.0,63025.0,12393.0,1090.0,39.0,89.0,16.0
559,1142,1181,583,2,211857482296579_1358078347674481,,,,,,,,1493.0,3161.0,50921.0,46743.0,1913.0,135.0,14.0,2104.0,12.0
560,1144,1182,584,2,211857482296579_1356941737788142,,,,,,,,1577.0,2278.0,49482.0,43943.0,4805.0,578.0,115.0,16.0,25.0
561,1146,1183,585,2,211857482296579_1356385877843728,,,,,,,,12665.0,33710.0,163083.0,126131.0,13934.0,432.0,21942.0,71.0,573.0
562,1148,1184,586,2,211857482296579_1355558054593177,,,,,,,,3527.0,16049.0,70961.0,60999.0,8799.0,1015.0,109.0,4.0,35.0
563,1150,1185,587,2,211857482296579_1355256824623300,,,,,,,,4794.0,18338.0,87601.0,77540.0,8811.0,1069.0,154.0,8.0,19.0
564,1152,1186,588,2,211857482296579_1355200054628977,,,,,,,,1570.0,3430.0,49348.0,44150.0,4546.0,456.0,174.0,5.0,17.0
565,1154,1187,589,2,211857482296579_1355135664635416,,,,,,,,3143.0,6227.0,59256.0,53411.0,5256.0,442.0,138.0,1.0,8.0
566,1156,1188,590,2,211857482296579_1354867237995592,,,,,,,,2443.0,11432.0,62769.0,53928.0,7705.0,929.0,183.0,12.0,12.0
567,1158,1189,591,2,211857482296579_1354593051356344,,,,,,,,2001.0,5631.0,58160.0,51555.0,5844.0,608.0,135.0,4.0,14.0
568,1160,1190,592,2,211857482296579_1353214668160849,,,,,,,,15348.0,6035.0,127331.0,113876.0,12713.0,535.0,176.0,6.0,25.0
569,1162,1191,593,2,211857482296579_1353143448167971,,,,,,,,2979.0,11793.0,66069.0,54559.0,10645.0,595.0,212.0,37.0,21.0
570,1164,1192,594,2,211857482296579_1352389451576704,,,,,,,,3380.0,17166.0,50526.0,46109.0,3737.0,600.0,53.0,5.0,22.0
571,1166,1193,595,2,211857482296579_1352005471615102,,,,,,,,5885.0,5608.0,82329.0,73897.0,7120.0,1035.0,188.0,18.0,71.0
572,1168,1194,596,2,211857482296579_1350128471802802,,,,,,,,7008.0,12587.0,94301.0,83707.0,8548.0,272.0,1672.0,19.0,83.0
573,1170,1195,597,2,211857482296579_1347349085414074,,,,,,,,12329.0,17775.0,72572.0,34332.0,160.0,1075.0,22108.0,1024.0,13873.0
574,1172,1196,598,2,211857482296579_1347334618748854,,,,,,,,1730.0,1658.0,45816.0,40760.0,4406.0,530.0,95.0,9.0,16.0
575,1175,1197,600,2,211857482296579_1346586732156976,,,,,,,,2719.0,19929.0,79590.0,68976.0,8923.0,1515.0,162.0,5.0,9.0
576,1177,1198,601,2,211857482296579_1346659465483036,,,,,,,,4399.0,11364.0,72424.0,64742.0,2922.0,515.0,52.0,554.0,3639.0
577,1179,1199,602,2,211857482296579_1346562638826052,,,,,,,,5960.0,33182.0,129116.0,112715.0,12776.0,2580.0,1005.0,9.0,31.0
578,1181,1200,603,2,211857482296579_1345806502234999,,,,,,,,6926.0,43689.0,192369.0,159915.0,26747.0,4855.0,813.0,19.0,20.0
579,1183,1201,604,2,211857482296579_1345003488981967,,,,,,,,1776.0,3118.0,44647.0,40394.0,3590.0,556.0,98.0,1.0,8.0
580,1185,1202,605,2,211857482296579_1344393515709631,,,,,,,,5007.0,2177.0,90654.0,81026.0,5636.0,440.0,3419.0,124.0,9.0
581,1187,1203,606,2,211857482296579_1343101679172148,,,,,,,,2706.0,6029.0,70285.0,64241.0,5527.0,370.0,77.0,29.0,41.0
582,1189,1204,607,2,211857482296579_1342430992572550,,,,,,,,3095.0,10189.0,69488.0,61708.0,7176.0,404.0,173.0,5.0,22.0
583,1191,1205,608,2,211857482296579_1342390925909890,,,,,,,,2070.0,8735.0,65917.0,59846.0,5626.0,368.0,52.0,6.0,19.0
584,1193,1206,609,2,211857482296579_1341880092627640,,,,,,,,6430.0,17197.0,124583.0,108232.0,11477.0,4241.0,497.0,33.0,103.0
585,1195,1207,610,2,211857482296579_1341108372704812,,,,,,,,3913.0,4968.0,100618.0,82331.0,2169.0,96.0,49.0,15770.0,203.0
586,1197,1208,611,2,211857482296579_1340804376068545,,,,,,,,9669.0,22448.0,75343.0,37917.0,154.0,1013.0,98.0,23515.0,12646.0
587,1199,1209,612,2,211857482296579_1339896379492678,,,,,,,,7461.0,14606.0,116233.0,94514.0,1600.0,7395.0,134.0,9184.0,3406.0
588,1201,1210,613,2,211857482296579_1339001396248843,,,,,,,,2345.0,2118.0,71497.0,61244.0,9282.0,803.0,137.0,3.0,28.0
589,1203,1211,614,2,211857482296579_1338770799605236,,,,,,,,3898.0,13893.0,103777.0,92325.0,10657.0,588.0,157.0,9.0,41.0
590,1205,1212,615,2,211857482296579_1338378106311172,,,,,,,,6503.0,11557.0,134369.0,116777.0,15567.0,1835.0,158.0,10.0,22.0
591,1207,1213,616,2,211857482296579_1338049953010654,,,,,,,,13482.0,4949.0,86661.0,69918.0,1512.0,530.0,5357.0,1372.0,7972.0
592,1209,1214,617,2,211857482296579_1337820683033581,,,,,,,,5526.0,16401.0,134832.0,116041.0,17187.0,998.0,468.0,36.0,102.0
593,1211,1215,618,2,211857482296579_1337523919729924,,,,,,,,4479.0,7799.0,121958.0,108838.0,11912.0,723.0,133.0,75.0,277.0
594,1213,1216,619,2,211857482296579_1336926313123018,,,,,,,,19277.0,62371.0,304586.0,214963.0,87060.0,2122.0,375.0,24.0,42.0
595,1215,1217,620,2,211857482296579_1336675283148121,,,,,,,,3332.0,21230.0,152101.0,120078.0,28661.0,2948.0,347.0,16.0,51.0
